key,text
BATTLE_BOSS_ENRAGE_HUD,폭주
BATTLE_BOSS_ENRAGE_SUBTITLE,위험 출력이 한계를 넘어섰습니다.
BATTLE_BOSS_ENRAGE_TITLE,보스 폭주
BATTLE_BOSS_PHASE_1_HUD,1단계
BATTLE_BOSS_PHASE_2_HUD,2단계
BATTLE_BOSS_PHASE_2_SUBTITLE,공허기관의 핵이 재배열됩니다.
BATTLE_BOSS_PHASE_2_TITLE,제2단계 돌입
CHAPTER_01,제1장 — 꺼진 노선의 신호
CHAPTER_02,제2장 — 되감기는 종착선
CHAR_ADELINE_DESC,등로단의 ARTILLERY 역할을 맡은 탐사대원.
CHAR_ADELINE_NAME,아델린
CHAR_ARINT_DESC,등로단의 GUARDIAN 역할을 맡은 탐사대원.
CHAR_ARINT_NAME,아린트
CHAR_BAEL_DESC,등로단의 MEDIC 역할을 맡은 탐사대원.
CHAR_BAEL_NAME,바엘
CHAR_CIEL_DESC,등로단의 ARTILLERY 역할을 맡은 탐사대원.
CHAR_CIEL_NAME,시엘
CHAR_DAEL_DESC,등로단의 SPECIALIST 역할을 맡은 탐사대원.
CHAR_DAEL_NAME,다엘
CHAR_DRAN_DESC,등로단의 VANGUARD 역할을 맡은 탐사대원.
CHAR_DRAN_NAME,드란
CHAR_EDA_DESC,등로단의 ASSAULT 역할을 맡은 탐사대원.
CHAR_EDA_NAME,에다
CHAR_HART_DESC,등로단의 ARTILLERY 역할을 맡은 탐사대원.
CHAR_HART_NAME,하르트
CHAR_HERAON_DESC,등로단의 ARTILLERY 역할을 맡은 탐사대원.
CHAR_HERAON_NAME,헤라온
CHAR_INOA_DESC,등로단의 SPECIALIST 역할을 맡은 탐사대원.
CHAR_INOA_NAME,이노아
CHAR_IRI_DESC,등로단의 MEDIC 역할을 맡은 탐사대원.
CHAR_IRI_NAME,이리
CHAR_KAIREN_DESC,등로단의 ASSAULT 역할을 맡은 탐사대원.
CHAR_KAIREN_NAME,카이렌
CHAR_KARN_DESC,등로단의 VANGUARD 역할을 맡은 탐사대원.
CHAR_KARN_NAME,카른
CHAR_KIAN_DESC,등로단의 ASSAULT 역할을 맡은 탐사대원.
CHAR_KIAN_NAME,키안
CHAR_KIR_DESC,등로단의 SPECIALIST 역할을 맡은 탐사대원.
CHAR_KIR_NAME,키르
CHAR_LAVENT_DESC,등로단의 GUARDIAN 역할을 맡은 탐사대원.
CHAR_LAVENT_NAME,라벤트
CHAR_LIV_DESC,등로단의 VANGUARD 역할을 맡은 탐사대원.
CHAR_LIV_NAME,리브
CHAR_MAERU_DESC,등로단의 GUARDIAN 역할을 맡은 탐사대원.
CHAR_MAERU_NAME,마에루
CHAR_MERIN_DESC,등로단의 MEDIC 역할을 맡은 탐사대원.
CHAR_MERIN_NAME,메린
CHAR_MIRE_DESC,등로단의 MEDIC 역할을 맡은 탐사대원.
CHAR_MIRE_NAME,미레
CHAR_MOEN_DESC,등로단의 SPECIALIST 역할을 맡은 탐사대원.
CHAR_MOEN_NAME,모엔
CHAR_NARIN_DESC,등로단의 ASSAULT 역할을 맡은 탐사대원.
CHAR_NARIN_NAME,나린
CHAR_NOAR_DESC,등로단의 MEDIC 역할을 맡은 탐사대원.
CHAR_NOAR_NAME,노아르
CHAR_ORBIN_DESC,등로단의 GUARDIAN 역할을 맡은 탐사대원.
CHAR_ORBIN_NAME,오르빈
CHAR_ORSA_DESC,등로단의 GUARDIAN 역할을 맡은 탐사대원.
CHAR_ORSA_NAME,오르사
CHAR_PERIN_DESC,등로단의 SPECIALIST 역할을 맡은 탐사대원.
CHAR_PERIN_NAME,페린
CHAR_RAEN_DESC,등로단의 VANGUARD 역할을 맡은 탐사대원.
CHAR_RAEN_NAME,라엔
CHAR_REMA_DESC,등로단의 GUARDIAN 역할을 맡은 탐사대원.
CHAR_REMA_NAME,레마
CHAR_RIAS_DESC,등로단의 ASSAULT 역할을 맡은 탐사대원.
CHAR_RIAS_NAME,리아스
CHAR_ROAN_DESC,등로단의 VANGUARD 역할을 맡은 탐사대원.
CHAR_ROAN_NAME,로안
CHAR_ROME_DESC,등로단의 GUARDIAN 역할을 맡은 탐사대원.
CHAR_ROME_NAME,로메
CHAR_SEB_DESC,등로단의 VANGUARD 역할을 맡은 탐사대원.
CHAR_SEB_NAME,세브
CHAR_SEON_DESC,등로단의 MEDIC 역할을 맡은 탐사대원.
CHAR_SEON_NAME,세온
CHAR_SOA_DESC,등로단의 SPECIALIST 역할을 맡은 탐사대원.
CHAR_SOA_NAME,소아
CHAR_SOREN_DESC,등로단의 ARTILLERY 역할을 맡은 탐사대원.
CHAR_SOREN_NAME,소렌
CHAR_TERAN_DESC,등로단의 VANGUARD 역할을 맡은 탐사대원.
CHAR_TERAN_NAME,테란
CHAR_TIEL_DESC,등로단의 MEDIC 역할을 맡은 탐사대원.
CHAR_TIEL_NAME,티엘
CHAR_TOA_DESC,등로단의 SPECIALIST 역할을 맡은 탐사대원.
CHAR_TOA_NAME,토아
CHAR_VELK_DESC,등로단의 ASSAULT 역할을 맡은 탐사대원.
CHAR_VELK_NAME,벨크
CHAR_VEON_DESC,등로단의 ASSAULT 역할을 맡은 탐사대원.
CHAR_VEON_NAME,베온
CHAR_VERA_DESC,등로단의 SPECIALIST 역할을 맡은 탐사대원.
CHAR_VERA_NAME,베라
CHAR_YUNAK_DESC,등로단의 ARTILLERY 역할을 맡은 탐사대원.
CHAR_YUNAK_NAME,유나크
CHAR_YURIEN_DESC,등로단의 ARTILLERY 역할을 맡은 탐사대원.
CHAR_YURIEN_NAME,유리엔
CHAR_ZERN_DESC,등로단의 ASSAULT 역할을 맡은 탐사대원.
CHAR_ZERN_NAME,제른
CHOICE_LIGHT,먼저 불빛을 확인한다
CHOICE_RECORD,기록 장치를 확보한다
ENEMY_AFTERGLOW_SCREEN,잔광 차폐기
ENEMY_ARC_MOTE,전류 부유체
ENEMY_BROADCASTER,왜곡 방송국
ENEMY_BROKENLINE_TRACKER,단선 추적자
ENEMY_CHORUS_BIT,합창 파편
ENEMY_DUST_LENS,먼지 렌즈
ENEMY_FALLEN_BATTERY,낙선 포대
ENEMY_GLASS_TRANSMITTER,유리 송신체
ENEMY_HOLLOW_ENGINE,공허 기관
ENEMY_IRON_CANTOR,철의 선창자
ENEMY_MEND_ECHO,수복 잔향
ENEMY_NIGHT_BELL,심야의 종
ENEMY_RETURN_FORMATION_CORE,회송 편성핵
ENEMY_REVERSE_ELECTRODE,역송 전극체
ENEMY_REVERSE_GATEKEEPER,역행의 개찰자
ENEMY_RUSH_WISP,화염 송곳짐승
ENEMY_SHELL_RELAY,장갑 중계기
ENEMY_VACANT_CHORUS,빈자리 합창체
ENEMY_WARDEN_FRAME,감시자 골격
ENEMY_WHITE_DAWN_OBSERVER,백야 관측체
GAME_SUBTITLE,빛이 끊긴 세계에서 이야기를 잇는 사람들
GAME_TITLE,LUMENBOUND: TACTICS OF THE LAST LINE
ITEM_BLUEPRINT_T1,설계도 T1
ITEM_BLUEPRINT_T2,설계도 T2
ITEM_BLUEPRINT_T3,설계도 T3
ITEM_BLUEPRINT_T4,설계도 T4
ITEM_BREAK_CORE_T1,돌파 코어 T1
ITEM_BREAK_CORE_T2,돌파 코어 T2
ITEM_BREAK_CORE_T3,돌파 코어 T3
ITEM_BREAK_CORE_T4,돌파 코어 T4
ITEM_CREDIT,크레딧
ITEM_EXPEDITION_ROUTE_MODULE_A,노선 확장 모듈 α
ITEM_EXPEDITION_ROUTE_MODULE_B,노선 확장 모듈 β
ITEM_FACTION_SEAL_T1,조직 인장 T1
ITEM_FACTION_SEAL_T2,조직 인장 T2
ITEM_FACTION_SEAL_T3,조직 인장 T3
ITEM_LANTERN_SHARD,등불 파편
ITEM_ROLE_TOKEN_T1,역할 토큰 T1
ITEM_ROLE_TOKEN_T2,역할 토큰 T2
ITEM_ROLE_TOKEN_T3,역할 토큰 T3
ITEM_ROLE_TOKEN_T4,역할 토큰 T4
ITEM_SHARD_CHR001,마에루 조각
ITEM_SHARD_CHR002,로안 조각
ITEM_SHARD_CHR003,나린 조각
ITEM_SHARD_CHR004,에다 조각
ITEM_SHARD_CHR005,소렌 조각
ITEM_SHARD_CHR006,베라 조각
ITEM_SHARD_CHR007,토아 조각
ITEM_SHARD_CHR008,이리 조각
ITEM_SHARD_CHR009,리브 조각
ITEM_SHARD_CHR010,세온 조각
ITEM_SHARD_CHR011,아델린 조각
ITEM_SHARD_CHR012,키르 조각
ITEM_SHARD_CHR013,레마 조각
ITEM_SHARD_CHR014,베온 조각
ITEM_SHARD_CHR015,하르트 조각
ITEM_SHARD_CHR016,오르사 조각
ITEM_SHARD_CHR017,티엘 조각
ITEM_SHARD_CHR018,리아스 조각
ITEM_SHARD_CHR019,페린 조각
ITEM_SHARD_CHR020,카른 조각
ITEM_SHARD_CHR021,노아르 조각
ITEM_SHARD_CHR022,세브 조각
ITEM_SHARD_CHR023,유리엔 조각
ITEM_SHARD_CHR024,모엔 조각
ITEM_SHARD_CHR025,라벤트 조각
ITEM_SHARD_CHR026,카이렌 조각
ITEM_SHARD_CHR027,이노아 조각
ITEM_SHARD_CHR028,드란 조각
ITEM_SHARD_CHR029,메린 조각
ITEM_SHARD_CHR030,시엘 조각
ITEM_SHARD_CHR031,로메 조각
ITEM_SHARD_CHR032,키안 조각
ITEM_SHARD_CHR033,다엘 조각
ITEM_SHARD_CHR034,오르빈 조각
ITEM_SHARD_CHR035,헤라온 조각
ITEM_SHARD_CHR036,미레 조각
ITEM_SHARD_CHR037,라엔 조각
ITEM_SHARD_CHR038,제른 조각
ITEM_SHARD_CHR039,소아 조각
ITEM_SHARD_CHR040,바엘 조각
ITEM_SHARD_CHR041,테란 조각
ITEM_SHARD_CHR042,유나크 조각
ITEM_SHARD_CHR043,아린트 조각
ITEM_SHARD_CHR044,벨크 조각
ITEM_SKILL_BOOK_T1,기술 교본 T1
ITEM_SKILL_BOOK_T2,기술 교본 T2
ITEM_SKILL_BOOK_T3,기술 교본 T3
ITEM_SKILL_BOOK_T4,기술 교본 T4
ITEM_SKILL_TOKEN_T1,기술 토큰 T1
ITEM_SKILL_TOKEN_T2,기술 토큰 T2
ITEM_SKILL_TOKEN_T3,기술 토큰 T3
ITEM_SKILL_TOKEN_T4,기술 토큰 T4
ITEM_TRAINING_NOTE_L,훈련 노트 L
ITEM_TRAINING_NOTE_M,훈련 노트 M
ITEM_TRAINING_NOTE_S,훈련 노트 S
ITEM_TRAINING_NOTE_XL,훈련 노트 XL
ITEM_ULT_BOOK_T1,궁극 교본 T1
ITEM_ULT_BOOK_T2,궁극 교본 T2
ITEM_ULT_BOOK_T3,궁극 교본 T3
ITEM_ULT_BOOK_T4,궁극 교본 T4
ITEM_UNIVERSAL_CATALYST,범용 촉매
ITEM_WEAPON_CHIP_L,무기 칩 L
ITEM_WEAPON_CHIP_M,무기 칩 M
ITEM_WEAPON_CHIP_S,무기 칩 S
ITEM_WEAPON_CHIP_XL,무기 칩 XL
ITEM_WEAPON_ORE_T1,무기 광석 T1
ITEM_WEAPON_ORE_T2,무기 광석 T2
ITEM_WEAPON_ORE_T3,무기 광석 T3
ITEM_WEAPON_ORE_T4,무기 광석 T4
MAP_ANOMALY_CH01_H08_BODY,경로를 봉쇄하는 특이 반응이 감지되었습니다. 신호를 분석한 뒤 전투 구역으로 진입합니다.
MAP_ANOMALY_CH01_H08_DIALOGUE_01,경로 앞의 반응은 일반 개체와 다릅니다. 가까이 가면 전투가 시작됩니다.
MAP_ANOMALY_CH01_H08_DIALOGUE_02,감시자 골격: [왜곡된 적대 파장]
MAP_ANOMALY_CH01_H08_DIALOGUE_03,"신호를 고정했습니다. 이 창을 닫으면 전투 개시이며, 승리 전에는 아무 상태도 확정되지 않습니다."
MAP_ANOMALY_CH01_H08_OUTCOME,승리 시 위협 신호 안정화 · 영입/보상은 없음
MAP_ANOMALY_CH01_H08_TITLE,특이 위협 신호 · 감시자 골격
MAP_ANOMALY_CH01_N12_BODY,경로를 봉쇄하는 특이 반응이 감지되었습니다. 신호를 분석한 뒤 전투 구역으로 진입합니다.
MAP_ANOMALY_CH01_N12_DIALOGUE_01,경로 앞의 반응은 일반 개체와 다릅니다. 가까이 가면 전투가 시작됩니다.
MAP_ANOMALY_CH01_N12_DIALOGUE_02,잔광 차폐기: [왜곡된 적대 파장]
MAP_ANOMALY_CH01_N12_DIALOGUE_03,"신호를 고정했습니다. 이 창을 닫으면 전투 개시이며, 승리 전에는 아무 상태도 확정되지 않습니다."
MAP_ANOMALY_CH01_N12_OUTCOME,승리 시 위협 신호 안정화 · 영입/보상은 없음
MAP_ANOMALY_CH01_N12_TITLE,특이 위협 신호 · 잔광 차폐기
MAP_ANOMALY_CH01_N15_BODY,경로를 봉쇄하는 특이 반응이 감지되었습니다. 신호를 분석한 뒤 전투 구역으로 진입합니다.
MAP_ANOMALY_CH01_N15_DIALOGUE_01,경로 앞의 반응은 일반 개체와 다릅니다. 가까이 가면 전투가 시작됩니다.
MAP_ANOMALY_CH01_N15_DIALOGUE_02,왜곡 방송국: [왜곡된 적대 파장]
MAP_ANOMALY_CH01_N15_DIALOGUE_03,"신호를 고정했습니다. 이 창을 닫으면 전투 개시이며, 승리 전에는 아무 상태도 확정되지 않습니다."
MAP_ANOMALY_CH01_N15_OUTCOME,승리 시 위협 신호 안정화 · 영입/보상은 없음
MAP_ANOMALY_CH01_N15_TITLE,특이 위협 신호 · 왜곡 방송국
MAP_ANOMALY_CH01_N18_BODY,경로를 봉쇄하는 특이 반응이 감지되었습니다. 신호를 분석한 뒤 전투 구역으로 진입합니다.
MAP_ANOMALY_CH01_N18_DIALOGUE_01,경로 앞의 반응은 일반 개체와 다릅니다. 가까이 가면 전투가 시작됩니다.
MAP_ANOMALY_CH01_N18_DIALOGUE_02,철의 선창자: [왜곡된 적대 파장]
MAP_ANOMALY_CH01_N18_DIALOGUE_03,"신호를 고정했습니다. 이 창을 닫으면 전투 개시이며, 승리 전에는 아무 상태도 확정되지 않습니다."
MAP_ANOMALY_CH01_N18_OUTCOME,승리 시 위협 신호 안정화 · 영입/보상은 없음
MAP_ANOMALY_CH01_N18_TITLE,특이 위협 신호 · 철의 선창자
MAP_ANOMALY_CH02_H08_BODY,경로를 봉쇄하는 특이 반응이 감지되었습니다. 신호를 분석한 뒤 전투 구역으로 진입합니다.
MAP_ANOMALY_CH02_H08_DIALOGUE_01,경로 앞의 반응은 일반 개체와 다릅니다. 가까이 가면 전투가 시작됩니다.
MAP_ANOMALY_CH02_H08_DIALOGUE_02,낙선 포대: [왜곡된 적대 파장]
MAP_ANOMALY_CH02_H08_DIALOGUE_03,"신호를 고정했습니다. 이 창을 닫으면 전투 개시이며, 승리 전에는 아무 상태도 확정되지 않습니다."
MAP_ANOMALY_CH02_H08_OUTCOME,승리 시 위협 신호 안정화 · 영입/보상은 없음
MAP_ANOMALY_CH02_H08_TITLE,특이 위협 신호 · 낙선 포대
MAP_ANOMALY_CH02_N12_BODY,경로를 봉쇄하는 특이 반응이 감지되었습니다. 신호를 분석한 뒤 전투 구역으로 진입합니다.
MAP_ANOMALY_CH02_N12_DIALOGUE_01,경로 앞의 반응은 일반 개체와 다릅니다. 가까이 가면 전투가 시작됩니다.
MAP_ANOMALY_CH02_N12_DIALOGUE_02,빈자리 합창체: [왜곡된 적대 파장]
MAP_ANOMALY_CH02_N12_DIALOGUE_03,"신호를 고정했습니다. 이 창을 닫으면 전투 개시이며, 승리 전에는 아무 상태도 확정되지 않습니다."
MAP_ANOMALY_CH02_N12_OUTCOME,승리 시 위협 신호 안정화 · 영입/보상은 없음
MAP_ANOMALY_CH02_N12_TITLE,특이 위협 신호 · 빈자리 합창체
MAP_ANOMALY_CH02_N15_BODY,경로를 봉쇄하는 특이 반응이 감지되었습니다. 신호를 분석한 뒤 전투 구역으로 진입합니다.
MAP_ANOMALY_CH02_N15_DIALOGUE_01,경로 앞의 반응은 일반 개체와 다릅니다. 가까이 가면 전투가 시작됩니다.
MAP_ANOMALY_CH02_N15_DIALOGUE_02,왜곡 방송국: [왜곡된 적대 파장]
MAP_ANOMALY_CH02_N15_DIALOGUE_03,"신호를 고정했습니다. 이 창을 닫으면 전투 개시이며, 승리 전에는 아무 상태도 확정되지 않습니다."
MAP_ANOMALY_CH02_N15_OUTCOME,승리 시 위협 신호 안정화 · 영입/보상은 없음
MAP_ANOMALY_CH02_N15_TITLE,특이 위협 신호 · 왜곡 방송국
MAP_ANOMALY_CH02_N18_BODY,경로를 봉쇄하는 특이 반응이 감지되었습니다. 신호를 분석한 뒤 전투 구역으로 진입합니다.
MAP_ANOMALY_CH02_N18_DIALOGUE_01,경로 앞의 반응은 일반 개체와 다릅니다. 가까이 가면 전투가 시작됩니다.
MAP_ANOMALY_CH02_N18_DIALOGUE_02,철의 선창자: [왜곡된 적대 파장]
MAP_ANOMALY_CH02_N18_DIALOGUE_03,"신호를 고정했습니다. 이 창을 닫으면 전투 개시이며, 승리 전에는 아무 상태도 확정되지 않습니다."
MAP_ANOMALY_CH02_N18_OUTCOME,승리 시 위협 신호 안정화 · 영입/보상은 없음
MAP_ANOMALY_CH02_N18_TITLE,특이 위협 신호 · 철의 선창자
MAP_BOSS_CH01_H03_SUBTITLE,고유 보스 신호 · 경로 최종 방어선
MAP_BOSS_CH01_H03_TITLE,백야 감시선
MAP_BOSS_CH01_H10_SUBTITLE,고유 보스 신호 · 경로 최종 방어선
MAP_BOSS_CH01_H10_TITLE,심야 공명선
MAP_BOSS_CH01_N20_SUBTITLE,고유 보스 신호 · 경로 최종 방어선
MAP_BOSS_CH01_N20_TITLE,심층 중계 핵
MAP_BOSS_CH02_H05_SUBTITLE,지하 회송실 최심부 · 빈자리 편성 명령
MAP_BOSS_CH02_H05_TITLE,회송 편성핵 정지
MAP_BOSS_CH02_H10_SUBTITLE,고유 보스 신호 · 경로 최종 방어선
MAP_BOSS_CH02_H10_TITLE,회송 편성 최심부
MAP_BOSS_CH02_N10_SUBTITLE,회송선 중앙 분기장 · 역방향 절차 관리자
MAP_BOSS_CH02_N10_TITLE,중앙 역행 개찰
MAP_BOSS_CH02_N20_SUBTITLE,고유 보스 신호 · 경로 최종 방어선
MAP_BOSS_CH02_N20_TITLE,역행 개찰 심층
MAP_BOSS_CONTACT_CAPTION,위협 신호 · 특이 개체 감지
MAP_BOSS_N10_EVENT_TITLE,심층 신호 차단
MAP_BOSS_N10_SUBTITLE,중계 구역 최심부 · 접근 통제 개체
MAP_BOSS_UNKNOWN_NAME,미확인 위협
MAP_BOSS_UNKNOWN_SUBTITLE,신호 판독 중
MAP_CONTACT_CH01_H01_BODY,왜곡된 회송 신호 속에서 동료의 구조 좌표가 겹쳐진다. 접촉을 마치면 이 조우의 진짜 응답을 확인할 수 있다.
MAP_CONTACT_CH01_H01_DIALOGUE_01,미확인 신호를 포착했습니다. 전투 구역에 진입하기 전에 응답 주체를 확인합니다.
MAP_CONTACT_CH01_H01_DIALOGUE_02,노아르입니다. 신호가 적대 개체에 붙잡혀 있습니다. 길을 열면 합류하겠습니다.
MAP_CONTACT_CH01_H01_DIALOGUE_03,영입 여부와 보상은 전투 승리 뒤에만 확정됩니다. 편성을 정비하고 접촉을 개시합니다.
MAP_CONTACT_CH01_H01_OUTCOME,승리 시 즉시 합류 · 노아르
MAP_CONTACT_CH01_H01_TITLE,특별 신호 · 노아르
MAP_CONTACT_CH01_H02_BODY,왜곡된 회송 신호 속에서 동료의 구조 좌표가 겹쳐진다. 접촉을 마치면 이 조우의 진짜 응답을 확인할 수 있다.
MAP_CONTACT_CH01_H02_DIALOGUE_01,미확인 신호를 포착했습니다. 전투 구역에 진입하기 전에 응답 주체를 확인합니다.
MAP_CONTACT_CH01_H02_DIALOGUE_02,세브입니다. 신호가 적대 개체에 붙잡혀 있습니다. 길을 열면 합류하겠습니다.
MAP_CONTACT_CH01_H02_DIALOGUE_03,영입 여부와 보상은 전투 승리 뒤에만 확정됩니다. 편성을 정비하고 접촉을 개시합니다.
MAP_CONTACT_CH01_H02_OUTCOME,승리 시 즉시 합류 · 세브
MAP_CONTACT_CH01_H02_TITLE,특별 신호 · 세브
MAP_CONTACT_CH01_H03_BODY,왜곡된 회송 신호 속에서 동료의 구조 좌표가 겹쳐진다. 접촉을 마치면 이 조우의 진짜 응답을 확인할 수 있다.
MAP_CONTACT_CH01_H03_DIALOGUE_01,미확인 신호를 포착했습니다. 전투 구역에 진입하기 전에 응답 주체를 확인합니다.
MAP_CONTACT_CH01_H03_DIALOGUE_02,유리엔 · 모엔입니다. 신호가 적대 개체에 붙잡혀 있습니다. 길을 열면 합류하겠습니다.
MAP_CONTACT_CH01_H03_DIALOGUE_03,영입 여부와 보상은 전투 승리 뒤에만 확정됩니다. 편성을 정비하고 접촉을 개시합니다.
MAP_CONTACT_CH01_H03_OUTCOME,승리 시 즉시 합류 · 모엔 / 후속 합류 · 유리엔
MAP_CONTACT_CH01_H03_TITLE,특별 신호 · 유리엔 · 모엔
MAP_CONTACT_CH01_H04_BODY,왜곡된 회송 신호 속에서 동료의 구조 좌표가 겹쳐진다. 접촉을 마치면 이 조우의 진짜 응답을 확인할 수 있다.
MAP_CONTACT_CH01_H04_DIALOGUE_01,미확인 신호를 포착했습니다. 전투 구역에 진입하기 전에 응답 주체를 확인합니다.
MAP_CONTACT_CH01_H04_DIALOGUE_02,라벤트입니다. 신호가 적대 개체에 붙잡혀 있습니다. 길을 열면 합류하겠습니다.
MAP_CONTACT_CH01_H04_DIALOGUE_03,영입 여부와 보상은 전투 승리 뒤에만 확정됩니다. 편성을 정비하고 접촉을 개시합니다.
MAP_CONTACT_CH01_H04_OUTCOME,승리 시 즉시 합류 · 라벤트
MAP_CONTACT_CH01_H04_TITLE,특별 신호 · 라벤트
MAP_CONTACT_CH01_H05_BODY,왜곡된 회송 신호 속에서 동료의 구조 좌표가 겹쳐진다. 접촉을 마치면 이 조우의 진짜 응답을 확인할 수 있다.
MAP_CONTACT_CH01_H05_DIALOGUE_01,미확인 신호를 포착했습니다. 전투 구역에 진입하기 전에 응답 주체를 확인합니다.
MAP_CONTACT_CH01_H05_DIALOGUE_02,카이렌입니다. 신호가 적대 개체에 붙잡혀 있습니다. 길을 열면 합류하겠습니다.
MAP_CONTACT_CH01_H05_DIALOGUE_03,영입 여부와 보상은 전투 승리 뒤에만 확정됩니다. 편성을 정비하고 접촉을 개시합니다.
MAP_CONTACT_CH01_H05_OUTCOME,승리 시 즉시 합류 · 카이렌
MAP_CONTACT_CH01_H05_TITLE,특별 신호 · 카이렌
MAP_CONTACT_CH01_N01_BODY,왜곡된 회송 신호 속에서 동료의 구조 좌표가 겹쳐진다. 접촉을 마치면 이 조우의 진짜 응답을 확인할 수 있다.
MAP_CONTACT_CH01_N01_DIALOGUE_01,미확인 신호를 포착했습니다. 전투 구역에 진입하기 전에 응답 주체를 확인합니다.
MAP_CONTACT_CH01_N01_DIALOGUE_02,리브입니다. 신호가 적대 개체에 붙잡혀 있습니다. 길을 열면 합류하겠습니다.
MAP_CONTACT_CH01_N01_DIALOGUE_03,영입 여부와 보상은 전투 승리 뒤에만 확정됩니다. 편성을 정비하고 접촉을 개시합니다.
MAP_CONTACT_CH01_N01_OUTCOME,승리 시 즉시 합류 · 리브
MAP_CONTACT_CH01_N01_TITLE,특별 신호 · 리브
MAP_CONTACT_CH01_N02_BODY,왜곡된 회송 신호 속에서 동료의 구조 좌표가 겹쳐진다. 접촉을 마치면 이 조우의 진짜 응답을 확인할 수 있다.
MAP_CONTACT_CH01_N02_DIALOGUE_01,미확인 신호를 포착했습니다. 전투 구역에 진입하기 전에 응답 주체를 확인합니다.
MAP_CONTACT_CH01_N02_DIALOGUE_02,세온입니다. 신호가 적대 개체에 붙잡혀 있습니다. 길을 열면 합류하겠습니다.
MAP_CONTACT_CH01_N02_DIALOGUE_03,영입 여부와 보상은 전투 승리 뒤에만 확정됩니다. 편성을 정비하고 접촉을 개시합니다.
MAP_CONTACT_CH01_N02_OUTCOME,승리 시 즉시 합류 · 세온
MAP_CONTACT_CH01_N02_TITLE,특별 신호 · 세온
MAP_CONTACT_CH01_N03_BODY,왜곡된 회송 신호 속에서 동료의 구조 좌표가 겹쳐진다. 접촉을 마치면 이 조우의 진짜 응답을 확인할 수 있다.
MAP_CONTACT_CH01_N03_DIALOGUE_01,미확인 신호를 포착했습니다. 전투 구역에 진입하기 전에 응답 주체를 확인합니다.
MAP_CONTACT_CH01_N03_DIALOGUE_02,아델린 · 키르입니다. 신호가 적대 개체에 붙잡혀 있습니다. 길을 열면 합류하겠습니다.
MAP_CONTACT_CH01_N03_DIALOGUE_03,영입 여부와 보상은 전투 승리 뒤에만 확정됩니다. 편성을 정비하고 접촉을 개시합니다.
MAP_CONTACT_CH01_N03_OUTCOME,승리 시 즉시 합류 · 아델린 / 후속 합류 · 키르
MAP_CONTACT_CH01_N03_TITLE,특별 신호 · 아델린 · 키르
MAP_CONTACT_CH01_N04_BODY,왜곡된 회송 신호 속에서 동료의 구조 좌표가 겹쳐진다. 접촉을 마치면 이 조우의 진짜 응답을 확인할 수 있다.
MAP_CONTACT_CH01_N04_DIALOGUE_01,미확인 신호를 포착했습니다. 전투 구역에 진입하기 전에 응답 주체를 확인합니다.
MAP_CONTACT_CH01_N04_DIALOGUE_02,베라 · 레마입니다. 신호가 적대 개체에 붙잡혀 있습니다. 길을 열면 합류하겠습니다.
MAP_CONTACT_CH01_N04_DIALOGUE_03,영입 여부와 보상은 전투 승리 뒤에만 확정됩니다. 편성을 정비하고 접촉을 개시합니다.
MAP_CONTACT_CH01_N04_OUTCOME,승리 시 즉시 합류 · 베라 · 레마
MAP_CONTACT_CH01_N04_TITLE,특별 신호 · 베라 · 레마
MAP_CONTACT_CH01_N05_BODY,왜곡된 회송 신호 속에서 동료의 구조 좌표가 겹쳐진다. 접촉을 마치면 이 조우의 진짜 응답을 확인할 수 있다.
MAP_CONTACT_CH01_N05_DIALOGUE_01,미확인 신호를 포착했습니다. 전투 구역에 진입하기 전에 응답 주체를 확인합니다.
MAP_CONTACT_CH01_N05_DIALOGUE_02,베온입니다. 신호가 적대 개체에 붙잡혀 있습니다. 길을 열면 합류하겠습니다.
MAP_CONTACT_CH01_N05_DIALOGUE_03,영입 여부와 보상은 전투 승리 뒤에만 확정됩니다. 편성을 정비하고 접촉을 개시합니다.
MAP_CONTACT_CH01_N05_OUTCOME,승리 시 즉시 합류 · 베온
MAP_CONTACT_CH01_N05_TITLE,특별 신호 · 베온
MAP_CONTACT_CH01_N06_BODY,왜곡된 회송 신호 속에서 동료의 구조 좌표가 겹쳐진다. 접촉을 마치면 이 조우의 진짜 응답을 확인할 수 있다.
MAP_CONTACT_CH01_N06_DIALOGUE_01,미확인 신호를 포착했습니다. 전투 구역에 진입하기 전에 응답 주체를 확인합니다.
MAP_CONTACT_CH01_N06_DIALOGUE_02,하르트입니다. 신호가 적대 개체에 붙잡혀 있습니다. 길을 열면 합류하겠습니다.
MAP_CONTACT_CH01_N06_DIALOGUE_03,영입 여부와 보상은 전투 승리 뒤에만 확정됩니다. 편성을 정비하고 접촉을 개시합니다.
MAP_CONTACT_CH01_N06_OUTCOME,승리 후 신호 동행 / 후속 합류 · 하르트
MAP_CONTACT_CH01_N06_TITLE,특별 신호 · 하르트
MAP_CONTACT_CH01_N07_BODY,왜곡된 회송 신호 속에서 동료의 구조 좌표가 겹쳐진다. 접촉을 마치면 이 조우의 진짜 응답을 확인할 수 있다.
MAP_CONTACT_CH01_N07_DIALOGUE_01,미확인 신호를 포착했습니다. 전투 구역에 진입하기 전에 응답 주체를 확인합니다.
MAP_CONTACT_CH01_N07_DIALOGUE_02,오르사 · 티엘입니다. 신호가 적대 개체에 붙잡혀 있습니다. 길을 열면 합류하겠습니다.
MAP_CONTACT_CH01_N07_DIALOGUE_03,영입 여부와 보상은 전투 승리 뒤에만 확정됩니다. 편성을 정비하고 접촉을 개시합니다.
MAP_CONTACT_CH01_N07_OUTCOME,승리 시 즉시 합류 · 오르사 · 티엘
MAP_CONTACT_CH01_N07_TITLE,특별 신호 · 오르사 · 티엘
MAP_CONTACT_CH01_N08_BODY,왜곡된 회송 신호 속에서 동료의 구조 좌표가 겹쳐진다. 접촉을 마치면 이 조우의 진짜 응답을 확인할 수 있다.
MAP_CONTACT_CH01_N08_DIALOGUE_01,미확인 신호를 포착했습니다. 전투 구역에 진입하기 전에 응답 주체를 확인합니다.
MAP_CONTACT_CH01_N08_DIALOGUE_02,토아 · 리아스입니다. 신호가 적대 개체에 붙잡혀 있습니다. 길을 열면 합류하겠습니다.
MAP_CONTACT_CH01_N08_DIALOGUE_03,영입 여부와 보상은 전투 승리 뒤에만 확정됩니다. 편성을 정비하고 접촉을 개시합니다.
MAP_CONTACT_CH01_N08_OUTCOME,승리 후 신호 동행 / 후속 합류 · 토아 · 리아스
MAP_CONTACT_CH01_N08_TITLE,특별 신호 · 토아 · 리아스
MAP_CONTACT_CH01_N09_BODY,왜곡된 회송 신호 속에서 동료의 구조 좌표가 겹쳐진다. 접촉을 마치면 이 조우의 진짜 응답을 확인할 수 있다.
MAP_CONTACT_CH01_N09_DIALOGUE_01,미확인 신호를 포착했습니다. 전투 구역에 진입하기 전에 응답 주체를 확인합니다.
MAP_CONTACT_CH01_N09_DIALOGUE_02,페린입니다. 신호가 적대 개체에 붙잡혀 있습니다. 길을 열면 합류하겠습니다.
MAP_CONTACT_CH01_N09_DIALOGUE_03,영입 여부와 보상은 전투 승리 뒤에만 확정됩니다. 편성을 정비하고 접촉을 개시합니다.
MAP_CONTACT_CH01_N09_OUTCOME,승리 시 즉시 합류 · 페린
MAP_CONTACT_CH01_N09_TITLE,특별 신호 · 페린
MAP_CONTACT_CH01_N10_BODY,왜곡된 회송 신호 속에서 동료의 구조 좌표가 겹쳐진다. 접촉을 마치면 이 조우의 진짜 응답을 확인할 수 있다.
MAP_CONTACT_CH01_N10_DIALOGUE_01,미확인 신호를 포착했습니다. 전투 구역에 진입하기 전에 응답 주체를 확인합니다.
MAP_CONTACT_CH01_N10_DIALOGUE_02,카른입니다. 신호가 적대 개체에 붙잡혀 있습니다. 길을 열면 합류하겠습니다.
MAP_CONTACT_CH01_N10_DIALOGUE_03,영입 여부와 보상은 전투 승리 뒤에만 확정됩니다. 편성을 정비하고 접촉을 개시합니다.
MAP_CONTACT_CH01_N10_OUTCOME,승리 시 즉시 합류 · 카른
MAP_CONTACT_CH01_N10_TITLE,특별 신호 · 카른
MAP_CONTACT_CH02_H01_BODY,왜곡된 회송 신호 속에서 동료의 구조 좌표가 겹쳐진다. 접촉을 마치면 이 조우의 진짜 응답을 확인할 수 있다.
MAP_CONTACT_CH02_H01_DIALOGUE_01,미확인 신호를 포착했습니다. 전투 구역에 진입하기 전에 응답 주체를 확인합니다.
MAP_CONTACT_CH02_H01_DIALOGUE_02,소아입니다. 신호가 적대 개체에 붙잡혀 있습니다. 길을 열면 합류하겠습니다.
MAP_CONTACT_CH02_H01_DIALOGUE_03,영입 여부와 보상은 전투 승리 뒤에만 확정됩니다. 편성을 정비하고 접촉을 개시합니다.
MAP_CONTACT_CH02_H01_OUTCOME,승리 시 즉시 합류 · 소아
MAP_CONTACT_CH02_H01_TITLE,특별 신호 · 소아
MAP_CONTACT_CH02_H02_BODY,왜곡된 회송 신호 속에서 동료의 구조 좌표가 겹쳐진다. 접촉을 마치면 이 조우의 진짜 응답을 확인할 수 있다.
MAP_CONTACT_CH02_H02_DIALOGUE_01,미확인 신호를 포착했습니다. 전투 구역에 진입하기 전에 응답 주체를 확인합니다.
MAP_CONTACT_CH02_H02_DIALOGUE_02,바엘입니다. 신호가 적대 개체에 붙잡혀 있습니다. 길을 열면 합류하겠습니다.
MAP_CONTACT_CH02_H02_DIALOGUE_03,영입 여부와 보상은 전투 승리 뒤에만 확정됩니다. 편성을 정비하고 접촉을 개시합니다.
MAP_CONTACT_CH02_H02_OUTCOME,승리 시 즉시 합류 · 바엘
MAP_CONTACT_CH02_H02_TITLE,특별 신호 · 바엘
MAP_CONTACT_CH02_H03_BODY,왜곡된 회송 신호 속에서 동료의 구조 좌표가 겹쳐진다. 접촉을 마치면 이 조우의 진짜 응답을 확인할 수 있다.
MAP_CONTACT_CH02_H03_DIALOGUE_01,미확인 신호를 포착했습니다. 전투 구역에 진입하기 전에 응답 주체를 확인합니다.
MAP_CONTACT_CH02_H03_DIALOGUE_02,테란입니다. 신호가 적대 개체에 붙잡혀 있습니다. 길을 열면 합류하겠습니다.
MAP_CONTACT_CH02_H03_DIALOGUE_03,영입 여부와 보상은 전투 승리 뒤에만 확정됩니다. 편성을 정비하고 접촉을 개시합니다.
MAP_CONTACT_CH02_H03_OUTCOME,승리 시 즉시 합류 · 테란
MAP_CONTACT_CH02_H03_TITLE,특별 신호 · 테란
MAP_CONTACT_CH02_H04_BODY,왜곡된 회송 신호 속에서 동료의 구조 좌표가 겹쳐진다. 접촉을 마치면 이 조우의 진짜 응답을 확인할 수 있다.
MAP_CONTACT_CH02_H04_DIALOGUE_01,미확인 신호를 포착했습니다. 전투 구역에 진입하기 전에 응답 주체를 확인합니다.
MAP_CONTACT_CH02_H04_DIALOGUE_02,유나크 · 아린트입니다. 신호가 적대 개체에 붙잡혀 있습니다. 길을 열면 합류하겠습니다.
MAP_CONTACT_CH02_H04_DIALOGUE_03,영입 여부와 보상은 전투 승리 뒤에만 확정됩니다. 편성을 정비하고 접촉을 개시합니다.
MAP_CONTACT_CH02_H04_OUTCOME,승리 시 즉시 합류 · 아린트 / 후속 합류 · 유나크
MAP_CONTACT_CH02_H04_TITLE,특별 신호 · 유나크 · 아린트
MAP_CONTACT_CH02_H05_BODY,왜곡된 회송 신호 속에서 동료의 구조 좌표가 겹쳐진다. 접촉을 마치면 이 조우의 진짜 응답을 확인할 수 있다.
MAP_CONTACT_CH02_H05_DIALOGUE_01,미확인 신호를 포착했습니다. 전투 구역에 진입하기 전에 응답 주체를 확인합니다.
MAP_CONTACT_CH02_H05_DIALOGUE_02,벨크입니다. 신호가 적대 개체에 붙잡혀 있습니다. 길을 열면 합류하겠습니다.
MAP_CONTACT_CH02_H05_DIALOGUE_03,영입 여부와 보상은 전투 승리 뒤에만 확정됩니다. 편성을 정비하고 접촉을 개시합니다.
MAP_CONTACT_CH02_H05_OUTCOME,승리 시 즉시 합류 · 벨크
MAP_CONTACT_CH02_H05_TITLE,특별 신호 · 벨크
MAP_CONTACT_CH02_N01_BODY,왜곡된 회송 신호 속에서 동료의 구조 좌표가 겹쳐진다. 접촉을 마치면 이 조우의 진짜 응답을 확인할 수 있다.
MAP_CONTACT_CH02_N01_DIALOGUE_01,미확인 신호를 포착했습니다. 전투 구역에 진입하기 전에 응답 주체를 확인합니다.
MAP_CONTACT_CH02_N01_DIALOGUE_02,이노아입니다. 신호가 적대 개체에 붙잡혀 있습니다. 길을 열면 합류하겠습니다.
MAP_CONTACT_CH02_N01_DIALOGUE_03,영입 여부와 보상은 전투 승리 뒤에만 확정됩니다. 편성을 정비하고 접촉을 개시합니다.
MAP_CONTACT_CH02_N01_OUTCOME,승리 시 즉시 합류 · 이노아
MAP_CONTACT_CH02_N01_TITLE,특별 신호 · 이노아
MAP_CONTACT_CH02_N02_BODY,왜곡된 회송 신호 속에서 동료의 구조 좌표가 겹쳐진다. 접촉을 마치면 이 조우의 진짜 응답을 확인할 수 있다.
MAP_CONTACT_CH02_N02_DIALOGUE_01,미확인 신호를 포착했습니다. 전투 구역에 진입하기 전에 응답 주체를 확인합니다.
MAP_CONTACT_CH02_N02_DIALOGUE_02,드란입니다. 신호가 적대 개체에 붙잡혀 있습니다. 길을 열면 합류하겠습니다.
MAP_CONTACT_CH02_N02_DIALOGUE_03,영입 여부와 보상은 전투 승리 뒤에만 확정됩니다. 편성을 정비하고 접촉을 개시합니다.
MAP_CONTACT_CH02_N02_OUTCOME,승리 시 즉시 합류 · 드란
MAP_CONTACT_CH02_N02_TITLE,특별 신호 · 드란
MAP_CONTACT_CH02_N03_BODY,왜곡된 회송 신호 속에서 동료의 구조 좌표가 겹쳐진다. 접촉을 마치면 이 조우의 진짜 응답을 확인할 수 있다.
MAP_CONTACT_CH02_N03_DIALOGUE_01,미확인 신호를 포착했습니다. 전투 구역에 진입하기 전에 응답 주체를 확인합니다.
MAP_CONTACT_CH02_N03_DIALOGUE_02,메린입니다. 신호가 적대 개체에 붙잡혀 있습니다. 길을 열면 합류하겠습니다.
MAP_CONTACT_CH02_N03_DIALOGUE_03,영입 여부와 보상은 전투 승리 뒤에만 확정됩니다. 편성을 정비하고 접촉을 개시합니다.
MAP_CONTACT_CH02_N03_OUTCOME,승리 후 신호 동행 / 후속 합류 · 메린
MAP_CONTACT_CH02_N03_TITLE,특별 신호 · 메린
MAP_CONTACT_CH02_N04_BODY,왜곡된 회송 신호 속에서 동료의 구조 좌표가 겹쳐진다. 접촉을 마치면 이 조우의 진짜 응답을 확인할 수 있다.
MAP_CONTACT_CH02_N04_DIALOGUE_01,미확인 신호를 포착했습니다. 전투 구역에 진입하기 전에 응답 주체를 확인합니다.
MAP_CONTACT_CH02_N04_DIALOGUE_02,시엘입니다. 신호가 적대 개체에 붙잡혀 있습니다. 길을 열면 합류하겠습니다.
MAP_CONTACT_CH02_N04_DIALOGUE_03,영입 여부와 보상은 전투 승리 뒤에만 확정됩니다. 편성을 정비하고 접촉을 개시합니다.
MAP_CONTACT_CH02_N04_OUTCOME,승리 시 즉시 합류 · 시엘
MAP_CONTACT_CH02_N04_TITLE,특별 신호 · 시엘
MAP_CONTACT_CH02_N05_BODY,왜곡된 회송 신호 속에서 동료의 구조 좌표가 겹쳐진다. 접촉을 마치면 이 조우의 진짜 응답을 확인할 수 있다.
MAP_CONTACT_CH02_N05_DIALOGUE_01,미확인 신호를 포착했습니다. 전투 구역에 진입하기 전에 응답 주체를 확인합니다.
MAP_CONTACT_CH02_N05_DIALOGUE_02,로메 · 키안입니다. 신호가 적대 개체에 붙잡혀 있습니다. 길을 열면 합류하겠습니다.
MAP_CONTACT_CH02_N05_DIALOGUE_03,영입 여부와 보상은 전투 승리 뒤에만 확정됩니다. 편성을 정비하고 접촉을 개시합니다.
MAP_CONTACT_CH02_N05_OUTCOME,승리 시 즉시 합류 · 로메 / 후속 합류 · 키안
MAP_CONTACT_CH02_N05_TITLE,특별 신호 · 로메 · 키안
MAP_CONTACT_CH02_N06_BODY,왜곡된 회송 신호 속에서 동료의 구조 좌표가 겹쳐진다. 접촉을 마치면 이 조우의 진짜 응답을 확인할 수 있다.
MAP_CONTACT_CH02_N06_DIALOGUE_01,미확인 신호를 포착했습니다. 전투 구역에 진입하기 전에 응답 주체를 확인합니다.
MAP_CONTACT_CH02_N06_DIALOGUE_02,다엘입니다. 신호가 적대 개체에 붙잡혀 있습니다. 길을 열면 합류하겠습니다.
MAP_CONTACT_CH02_N06_DIALOGUE_03,영입 여부와 보상은 전투 승리 뒤에만 확정됩니다. 편성을 정비하고 접촉을 개시합니다.
MAP_CONTACT_CH02_N06_OUTCOME,승리 시 즉시 합류 · 다엘
MAP_CONTACT_CH02_N06_TITLE,특별 신호 · 다엘
MAP_CONTACT_CH02_N07_BODY,왜곡된 회송 신호 속에서 동료의 구조 좌표가 겹쳐진다. 접촉을 마치면 이 조우의 진짜 응답을 확인할 수 있다.
MAP_CONTACT_CH02_N07_DIALOGUE_01,미확인 신호를 포착했습니다. 전투 구역에 진입하기 전에 응답 주체를 확인합니다.
MAP_CONTACT_CH02_N07_DIALOGUE_02,오르빈입니다. 신호가 적대 개체에 붙잡혀 있습니다. 길을 열면 합류하겠습니다.
MAP_CONTACT_CH02_N07_DIALOGUE_03,영입 여부와 보상은 전투 승리 뒤에만 확정됩니다. 편성을 정비하고 접촉을 개시합니다.
MAP_CONTACT_CH02_N07_OUTCOME,승리 시 즉시 합류 · 오르빈
MAP_CONTACT_CH02_N07_TITLE,특별 신호 · 오르빈
MAP_CONTACT_CH02_N08_BODY,왜곡된 회송 신호 속에서 동료의 구조 좌표가 겹쳐진다. 접촉을 마치면 이 조우의 진짜 응답을 확인할 수 있다.
MAP_CONTACT_CH02_N08_DIALOGUE_01,미확인 신호를 포착했습니다. 전투 구역에 진입하기 전에 응답 주체를 확인합니다.
MAP_CONTACT_CH02_N08_DIALOGUE_02,헤라온입니다. 신호가 적대 개체에 붙잡혀 있습니다. 길을 열면 합류하겠습니다.
MAP_CONTACT_CH02_N08_DIALOGUE_03,영입 여부와 보상은 전투 승리 뒤에만 확정됩니다. 편성을 정비하고 접촉을 개시합니다.
MAP_CONTACT_CH02_N08_OUTCOME,승리 시 즉시 합류 · 헤라온
MAP_CONTACT_CH02_N08_TITLE,특별 신호 · 헤라온
MAP_CONTACT_CH02_N09_BODY,왜곡된 회송 신호 속에서 동료의 구조 좌표가 겹쳐진다. 접촉을 마치면 이 조우의 진짜 응답을 확인할 수 있다.
MAP_CONTACT_CH02_N09_DIALOGUE_01,미확인 신호를 포착했습니다. 전투 구역에 진입하기 전에 응답 주체를 확인합니다.
MAP_CONTACT_CH02_N09_DIALOGUE_02,미레입니다. 신호가 적대 개체에 붙잡혀 있습니다. 길을 열면 합류하겠습니다.
MAP_CONTACT_CH02_N09_DIALOGUE_03,영입 여부와 보상은 전투 승리 뒤에만 확정됩니다. 편성을 정비하고 접촉을 개시합니다.
MAP_CONTACT_CH02_N09_OUTCOME,승리 후 신호 동행 / 후속 합류 · 미레
MAP_CONTACT_CH02_N09_TITLE,특별 신호 · 미레
MAP_CONTACT_CH02_N10_BODY,왜곡된 회송 신호 속에서 동료의 구조 좌표가 겹쳐진다. 접촉을 마치면 이 조우의 진짜 응답을 확인할 수 있다.
MAP_CONTACT_CH02_N10_DIALOGUE_01,미확인 신호를 포착했습니다. 전투 구역에 진입하기 전에 응답 주체를 확인합니다.
MAP_CONTACT_CH02_N10_DIALOGUE_02,라엔 · 제른입니다. 신호가 적대 개체에 붙잡혀 있습니다. 길을 열면 합류하겠습니다.
MAP_CONTACT_CH02_N10_DIALOGUE_03,영입 여부와 보상은 전투 승리 뒤에만 확정됩니다. 편성을 정비하고 접촉을 개시합니다.
MAP_CONTACT_CH02_N10_OUTCOME,승리 시 즉시 합류 · 라엔 · 제른
MAP_CONTACT_CH02_N10_TITLE,특별 신호 · 라엔 · 제른
MAP_EVENT_BROKEN_SWITCH_BODY,손상된 분기 장치가 짧은 우회로와 연결되어 있다.
MAP_EVENT_BROKEN_SWITCH_RESTORE,신호를 복구한다
MAP_EVENT_BROKEN_SWITCH_SALVAGE,부품을 회수한다
MAP_EVENT_BROKEN_SWITCH_TITLE,끊긴 분기 스위치
MAP_EVENT_COAST_LOG_BODY,파도 아래의 빛이 다음 복구 지점을 잠시 비춘다.
MAP_EVENT_COAST_LOG_LEAVE,지나간다
MAP_EVENT_COAST_LOG_SYNC,기록을 동기화한다
MAP_EVENT_COAST_LOG_TITLE,해안 관측 기록
MAP_EVENT_COMMAND_NAME,등로단 통신
MAP_EVENT_CONTACT_SIGNAL,특별 신호 조우
MAP_EVENT_CRYSTAL_TRACE_BODY,수정 군락의 미세한 진동이 북쪽 샛길을 가리킨다.
MAP_EVENT_CRYSTAL_TRACE_INVESTIGATE,조사한다
MAP_EVENT_CRYSTAL_TRACE_PASS,지나간다
MAP_EVENT_CRYSTAL_TRACE_TITLE,잔광 수정의 흔적
MAP_EVENT_DEFAULT_BODY,주변의 작은 변화가 탐색을 유도합니다.
MAP_EVENT_DEFAULT_CHOICE_PRIMARY,조사한다
MAP_EVENT_DEFAULT_CHOICE_SECONDARY,지나간다
MAP_EVENT_DEFAULT_TITLE,탐색 기록
MAP_EVENT_DIALOGUE_BATTLE,전투 개시
MAP_EVENT_DIALOGUE_HINT,화면을 누르거나 다음을 선택해 사건을 진행합니다.
MAP_EVENT_DIALOGUE_NEXT,다음
MAP_EVENT_DIALOGUE_SKIP,대화 건너뛰기
MAP_EVENT_ENEMY_SIGNAL_NAME,위협 신호
MAP_EVENT_MOVE_TO,탐색 지점으로 이동
MAP_EVENT_RELAY_TOA_BODY,중계선을 혼자 복구하던 탐사대원이 응답한다. 조우를 마치면 다음 신호를 함께 추적한다.
MAP_EVENT_RELAY_TOA_OUTCOME,승리 후 신호 동행 · NORMAL 9 완료 뒤 편성 합류
MAP_EVENT_RELAY_TOA_TITLE,단절된 중계선 · 토아
MAP_EVENT_RESCUE_VERA_BODY,흐트러진 신호를 붙드는 탐사대원이 길목을 지키고 있다. 가까이 다가가면 기존 조우가 시작된다.
MAP_EVENT_RESCUE_VERA_OUTCOME,승리 시 즉시 편성에 합류
MAP_EVENT_RESCUE_VERA_TITLE,구조 신호 · 베라
MAP_TREASURE_CH01_HT01_NAME,비정상 수정 군락
MAP_TREASURE_CH01_HT02_NAME,붕괴한 아치 통로
MAP_TREASURE_CH01_HT03_NAME,끊긴 인프라 끝
MAP_TREASURE_CH01_HT04_NAME,열린 해안 공터
MAP_TREASURE_CH01_VT01_NAME,부서진 릴레이 보급 상자
MAP_TREASURE_CH01_VT02_NAME,해안 보급 상자
MAP_TREASURE_CH01_VT03_NAME,폐허 신호 보관함
MAP_TREASURE_CH01_VT04_NAME,수정 조사 보물상자
MAP_TREASURE_CH01_VT05_NAME,선로 무장 보관함
MAP_TREASURE_CH01_VT06_NAME,등대 신호 금고
MAP_TREASURE_DETAIL_BODY,"%s
경로 길이: %d
위험도: %s"
MAP_TREASURE_DETAIL_TITLE,탐색 보급품
MAP_TREASURE_MOVE,보물로 이동
RESULT_EVENT_RECRUITED,동료 합류 · %s가 편성에 참여합니다.
RESULT_EVENT_TRACKING,신호 동행 · %s의 합류 신호를 %s 이후에 다시 추적합니다.
SCENARIO_CH01_INTRO_TITLE,제1장 — 꺼진 노선의 신호
SCENARIO_CH01_MID_A_TITLE,잔향이 남은 터널
SCENARIO_CH01_MID_B_TITLE,지워진 행선지
SCENARIO_CH01_MID_C_TITLE,종탑형 중계기
SCENARIO_CH01_OUTRO_TITLE,다음 등불
SCENARIO_CH01_PREBOSS_TITLE,공허기관 앞에서
SCENARIO_CH02_HARD_INTRO_TITLE,지하 회송실
SCENARIO_CH02_INTRO_TITLE,제2장 — 되감기는 종착선
SCENARIO_CH02_MID_A_TITLE,빈자리의 호명
SCENARIO_CH02_MID_B_TITLE,역송 구간
SCENARIO_CH02_OUTRO_TITLE,한 개의 정상 신호
SCENARIO_CH02_PREBOSS_TITLE,중앙 역행 개찰
SCENARIO_PROLOGUE_TITLE,프롤로그 — 끊긴 등불
SCENARIO_REL_IRI_TITLE,고장 난 안내 방송
SCENARIO_REL_MAERU_TITLE,빈 좌석의 안전띠
SKILL_ADELINE_NORMAL,좌표 포격
SKILL_ADELINE_PASSIVE,포구 안정
SKILL_ADELINE_ULTIMATE,성운 포화
SKILL_ARINT_NORMAL,방벽 전개
SKILL_ARINT_PASSIVE,수호 신호
SKILL_ARINT_ULTIMATE,성채 공명
SKILL_BAEL_NORMAL,회복 전송
SKILL_BAEL_PASSIVE,구호 기록
SKILL_BAEL_ULTIMATE,새벽 구조
SKILL_CIEL_NORMAL,좌표 포격
SKILL_CIEL_PASSIVE,포구 안정
SKILL_CIEL_ULTIMATE,성운 포화
SKILL_DAEL_NORMAL,교란 표식
SKILL_DAEL_PASSIVE,신호 해석
SKILL_DAEL_ULTIMATE,역전 파장
SKILL_DRAN_NORMAL,선두 돌파
SKILL_DRAN_PASSIVE,개척 호흡
SKILL_DRAN_ULTIMATE,돌입 섬광
SKILL_EDA_NORMAL,전류 도약
SKILL_EDA_PASSIVE,과충전 회로
SKILL_EDA_ULTIMATE,청뢰 낙하
SKILL_HART_NORMAL,좌표 포격
SKILL_HART_PASSIVE,포구 안정
SKILL_HART_ULTIMATE,성운 포화
SKILL_HERAON_NORMAL,좌표 포격
SKILL_HERAON_PASSIVE,포구 안정
SKILL_HERAON_ULTIMATE,성운 포화
SKILL_INOA_NORMAL,교란 표식
SKILL_INOA_PASSIVE,신호 해석
SKILL_INOA_ULTIMATE,역전 파장
SKILL_IRI_NORMAL,회복 파동
SKILL_IRI_PASSIVE,온기 기록
SKILL_IRI_ULTIMATE,새벽의 합창
SKILL_KAIREN_NORMAL,연속 사격
SKILL_KAIREN_PASSIVE,전술 보정
SKILL_KAIREN_ULTIMATE,집중 난사
SKILL_KARN_NORMAL,선두 돌파
SKILL_KARN_PASSIVE,개척 호흡
SKILL_KARN_ULTIMATE,돌입 섬광
SKILL_KIAN_NORMAL,연속 사격
SKILL_KIAN_PASSIVE,전술 보정
SKILL_KIAN_ULTIMATE,집중 난사
SKILL_KIR_NORMAL,교란 표식
SKILL_KIR_PASSIVE,신호 해석
SKILL_KIR_ULTIMATE,역전 파장
SKILL_LAVENT_NORMAL,방벽 전개
SKILL_LAVENT_PASSIVE,수호 신호
SKILL_LAVENT_ULTIMATE,성채 공명
SKILL_LIV_NORMAL,선두 돌파
SKILL_LIV_PASSIVE,개척 호흡
SKILL_LIV_ULTIMATE,돌입 섬광
SKILL_MAERU_NORMAL,결속 방패
SKILL_MAERU_PASSIVE,수호자의 맹세
SKILL_MAERU_ULTIMATE,성벽의 등불
SKILL_MERIN_NORMAL,회복 전송
SKILL_MERIN_PASSIVE,구호 기록
SKILL_MERIN_ULTIMATE,새벽 구조
SKILL_MIRE_NORMAL,회복 전송
SKILL_MIRE_PASSIVE,구호 기록
SKILL_MIRE_ULTIMATE,새벽 구조
SKILL_MOEN_NORMAL,교란 표식
SKILL_MOEN_PASSIVE,신호 해석
SKILL_MOEN_ULTIMATE,역전 파장
SKILL_NARIN_NORMAL,정밀 사격
SKILL_NARIN_PASSIVE,관측 보정
SKILL_NARIN_ULTIMATE,유성 연사
SKILL_NOAR_NORMAL,회복 전송
SKILL_NOAR_PASSIVE,구호 기록
SKILL_NOAR_ULTIMATE,새벽 구조
SKILL_ORBIN_NORMAL,방벽 전개
SKILL_ORBIN_PASSIVE,수호 신호
SKILL_ORBIN_ULTIMATE,성채 공명
SKILL_ORSA_NORMAL,방벽 전개
SKILL_ORSA_PASSIVE,수호 신호
SKILL_ORSA_ULTIMATE,성채 공명
SKILL_PERIN_NORMAL,교란 표식
SKILL_PERIN_PASSIVE,신호 해석
SKILL_PERIN_ULTIMATE,역전 파장
SKILL_RAEN_NORMAL,선두 돌파
SKILL_RAEN_PASSIVE,개척 호흡
SKILL_RAEN_ULTIMATE,돌입 섬광
SKILL_REMA_NORMAL,방벽 전개
SKILL_REMA_PASSIVE,수호 신호
SKILL_REMA_ULTIMATE,성채 공명
SKILL_RIAS_NORMAL,연속 사격
SKILL_RIAS_PASSIVE,전술 보정
SKILL_RIAS_ULTIMATE,집중 난사
SKILL_ROAN_NORMAL,선로 돌진
SKILL_ROAN_PASSIVE,돌파 호흡
SKILL_ROAN_ULTIMATE,철편 난무
SKILL_ROME_NORMAL,방벽 전개
SKILL_ROME_PASSIVE,수호 신호
SKILL_ROME_ULTIMATE,성채 공명
SKILL_SEB_NORMAL,선두 돌파
SKILL_SEB_PASSIVE,개척 호흡
SKILL_SEB_ULTIMATE,돌입 섬광
SKILL_SEON_NORMAL,회복 전송
SKILL_SEON_PASSIVE,구호 기록
SKILL_SEON_ULTIMATE,새벽 구조
SKILL_SOA_NORMAL,교란 표식
SKILL_SOA_PASSIVE,신호 해석
SKILL_SOA_ULTIMATE,역전 파장
SKILL_SOREN_NORMAL,공명 포격
SKILL_SOREN_PASSIVE,포구 안정화
SKILL_SOREN_ULTIMATE,별가루 포화
SKILL_TERAN_NORMAL,선두 돌파
SKILL_TERAN_PASSIVE,개척 호흡
SKILL_TERAN_ULTIMATE,돌입 섬광
SKILL_TIEL_NORMAL,회복 전송
SKILL_TIEL_PASSIVE,구호 기록
SKILL_TIEL_ULTIMATE,새벽 구조
SKILL_TOA_NORMAL,보호 신호
SKILL_TOA_PASSIVE,중계 증폭
SKILL_TOA_ULTIMATE,안전지대 전개
SKILL_VELK_NORMAL,연속 사격
SKILL_VELK_PASSIVE,전술 보정
SKILL_VELK_ULTIMATE,집중 난사
SKILL_VEON_NORMAL,연속 사격
SKILL_VEON_PASSIVE,전술 보정
SKILL_VEON_ULTIMATE,집중 난사
SKILL_VERA_NORMAL,교란 잔상
SKILL_VERA_PASSIVE,변조 필드
SKILL_VERA_ULTIMATE,침묵의 파장
SKILL_YUNAK_NORMAL,좌표 포격
SKILL_YUNAK_PASSIVE,포구 안정
SKILL_YUNAK_ULTIMATE,성운 포화
SKILL_YURIEN_NORMAL,좌표 포격
SKILL_YURIEN_PASSIVE,포구 안정
SKILL_YURIEN_ULTIMATE,성운 포화
SKILL_ZERN_NORMAL,연속 사격
SKILL_ZERN_PASSIVE,전술 보정
SKILL_ZERN_ULTIMATE,집중 난사
SPEAKER_IRI,이리
SPEAKER_MAERU,마에루
SPEAKER_NARIN,나린
SPEAKER_ROAN,로안
SPEAKER_ROUTEKEEPER,길잡이
SPEAKER_SOREN,소렌
STAGE_CH01_H01,제1장 HARD 1
STAGE_CH01_H02,제1장 HARD 2
STAGE_CH01_H03,제1장 HARD 3
STAGE_CH01_H04,제1장 HARD 4
STAGE_CH01_H05,제1장 HARD 5
STAGE_CH01_H06,제1장 HARD 6
STAGE_CH01_H07,제1장 HARD 7
STAGE_CH01_H08,제1장 HARD 8
STAGE_CH01_H09,제1장 HARD 9
STAGE_CH01_H10,제1장 HARD 10
STAGE_CH01_N01,제1장 NORMAL 1
STAGE_CH01_N02,제1장 NORMAL 2
STAGE_CH01_N03,제1장 NORMAL 3
STAGE_CH01_N04,제1장 NORMAL 4
STAGE_CH01_N05,제1장 NORMAL 5
STAGE_CH01_N06,제1장 NORMAL 6
STAGE_CH01_N07,제1장 NORMAL 7
STAGE_CH01_N08,제1장 NORMAL 8
STAGE_CH01_N09,제1장 NORMAL 9
STAGE_CH01_N10,제1장 NORMAL 10
STAGE_CH01_N11,제1장 NORMAL 11
STAGE_CH01_N12,제1장 NORMAL 12
STAGE_CH01_N13,제1장 NORMAL 13
STAGE_CH01_N14,제1장 NORMAL 14
STAGE_CH01_N15,제1장 NORMAL 15
STAGE_CH01_N16,제1장 NORMAL 16
STAGE_CH01_N17,제1장 NORMAL 17
STAGE_CH01_N18,제1장 NORMAL 18
STAGE_CH01_N19,제1장 NORMAL 19
STAGE_CH01_N20,제1장 NORMAL 20
STAGE_CH02_H01,제2장 HARD 1
STAGE_CH02_H02,제2장 HARD 2
STAGE_CH02_H03,제2장 HARD 3
STAGE_CH02_H04,제2장 HARD 4
STAGE_CH02_H05,제2장 HARD 5
STAGE_CH02_H06,제2장 HARD 6
STAGE_CH02_H07,제2장 HARD 7
STAGE_CH02_H08,제2장 HARD 8
STAGE_CH02_H09,제2장 HARD 9
STAGE_CH02_H10,제2장 HARD 10
STAGE_CH02_N01,제2장 NORMAL 1
STAGE_CH02_N02,제2장 NORMAL 2
STAGE_CH02_N03,제2장 NORMAL 3
STAGE_CH02_N04,제2장 NORMAL 4
STAGE_CH02_N05,제2장 NORMAL 5
STAGE_CH02_N06,제2장 NORMAL 6
STAGE_CH02_N07,제2장 NORMAL 7
STAGE_CH02_N08,제2장 NORMAL 8
STAGE_CH02_N09,제2장 NORMAL 9
STAGE_CH02_N10,제2장 NORMAL 10
STAGE_CH02_N11,제2장 NORMAL 11
STAGE_CH02_N12,제2장 NORMAL 12
STAGE_CH02_N13,제2장 NORMAL 13
STAGE_CH02_N14,제2장 NORMAL 14
STAGE_CH02_N15,제2장 NORMAL 15
STAGE_CH02_N16,제2장 NORMAL 16
STAGE_CH02_N17,제2장 NORMAL 17
STAGE_CH02_N18,제2장 NORMAL 18
STAGE_CH02_N19,제2장 NORMAL 19
STAGE_CH02_N20,제2장 NORMAL 20
STORY_C1A_01,첫 터널에는 기억을 흉내 내는 잔향체가 모여 있었다.
STORY_C1A_02,그것들은 사람의 목소리를 냈지만 질문에는 답하지 못했다.
STORY_C1A_03,전투 뒤 손상되지 않은 기록편 하나를 회수했어. 다음 구간을 열 수 있겠어.
STORY_C1B_01,기록편에는 오래전 정거장의 대피 순서가 남아 있었다.
STORY_C1B_02,누군가 마지막 열차의 행선지를 고의로 지운 흔적이 보였다.
STORY_C1B_03,지워진 층 아래에서 새 좌표를 찾았어. 폐쇄 구간 안쪽이야.
STORY_C1C_01,좌표는 폐쇄된 종탑형 중계기로 이어졌다.
STORY_C1C_02,신호 안에서 생체 맥박과 비슷한 주기가 느껴져. 구조 대상일 수도 있어.
STORY_C1C_03,하지만 잔향체 군집이 먼저 중계기를 포위했어. 서둘러야 해.
STORY_C1I_01,등로단은 잔광 폭풍 속에서도 움직이는 소규모 복구 조직이다.
STORY_C1I_02,지도에 없는 선로에서 구조 요청을 들었어. 아직 신호가 살아 있어.
STORY_C1I_03,진위를 확인하고 길을 복구하자. 모두 출발 준비.
STORY_C2A_01,닫힌 승강장은 존재하지 않는 승객의 이름을 반복해서 불렀다.
STORY_C2A_02,"구조 신호가 진짜인지 가짜인지가 아니라, 지금 누가 그 신호를 듣고 있는지가 중요해."
STORY_C2A_03,"우리 이름을 과거 목록에서 지우고, 현재 좌표를 남기자."
STORY_C2B_01,"전력은 거꾸로 흘렀고, 이미 지나온 플랫폼은 다시 미완료 표지를 켰다."
STORY_C2B_02,노선이 악의를 가진 건 아니야. 오래전에 멈췄어야 할 자동 절차가 계속 실행될 뿐이야.
STORY_C2B_03,"중앙 개찰을 멈추면, 적어도 이 구간의 잘못된 호명은 끝낼 수 있어."
STORY_C2H_01,지하 회송실에는 빈 자리만 남은 편성표가 벽처럼 이어져 있었다.
STORY_C2H_02,"이 핵은 사람을 찾는 게 아니라, 비어 있는 칸을 채우려는 거야."
STORY_C2H_03,"우리가 멈추게 할 건 과거가 아니라, 현재를 지워 버리는 이 명령이야."
STORY_C2I_01,세 개의 고유 보스 기록에는 같은 짧은 handshake 패턴이 남아 있었다.
STORY_C2I_02,신호는 진행 방향이 아니라 종착점에서 출발점 쪽으로 하나씩 켜지고 있어.
STORY_C2I_03,시간을 되돌리는 장치가 아니야. 망가진 회송 절차가 현재의 우리를 과거 기록에 끼워 맞추고 있어.
STORY_C2O_01,"회송 편성핵이 멈추자, 뒤집혀 있던 신호등이 하나씩 정상 방향으로 돌아왔다."
STORY_C2O_02,"모든 기록이 사라진 것은 아니지만, 더는 현재의 사람을 과거의 빈자리에 넣지 않았다."
STORY_C2O_03,남은 건 바깥을 향한 하나의 정상 신호야. 다음 길은 우리가 선택해서 이어 가자.
STORY_C2P_01,중앙 분기장의 개찰 패널은 탐사대를 오래전의 적 편성으로 분류했다.
STORY_C2P_02,패널을 부수는 게 목표가 아니야. 회송 명령을 종료시킬 틈을 만들어야 해.
STORY_C2P_03,문이 열리면 바로 지나간다. 돌아가는 기록에 남을 사람이 한 명도 없게.
STORY_OUT_01,공허기관이 멈추자 지워졌던 행선지가 다시 나타났다.
STORY_OUT_02,마지막 열차는 사라진 도시가 아니라 이동 중인 피난처를 향하고 있었다.
STORY_OUT_03,첫 노선은 다시 이어졌어. 이제 다음 등불로 가자.
STORY_PRE_01,거대한 공허기관이 선로의 빛을 삼키며 깨어났다.
STORY_PRE_02,각자 등불과 장비를 확인해. 여기서부터는 한 번의 실수도 허용되지 않아.
STORY_PRE_03,"우리가 지키려는 것은 선로가 아니라, 그 끝에서 기다리는 사람들의 이야기야."
STORY_PRO_01,"대정전 뒤, 지하의 광맥 철로는 마지막 도시들을 잇는 유일한 길이 되었다."
STORY_PRO_02,새로 깨어난 기록 항해자는 끊긴 등불과 사람들의 기억을 복구해야 한다.
STORY_PRO_03,제7 승강장에서 첫 신호가 깜박이고 있어. 거기서 시작하자.
STORY_PRO_04,정찰로는 내가 연다. 신호가 살아나면 바로 따라와.
STORY_REL_I_01,고장 난 안내 방송을 모아서 작은 합창곡을 만들었어.
STORY_REL_I_02,완벽한 음정보다 누군가 살아 있었다는 흔적이 더 중요하다고 생각해.
STORY_REL_I_03,다음 정거장에 도착하면 같이 틀어 보자. 혼자 듣는 것보다 좋을 거야.
STORY_REL_M_01,출발 전에는 빈 좌석의 안전띠까지 확인해. 빠뜨리면 마음이 놓이지 않거든.
STORY_REL_M_02,돌아오지 못한 동료의 자리를 잊지 않기 위해 시작한 습관이야.
STORY_REL_M_03,오늘은 그 자리에 새 구조 장비를 놓았어. 빈자리가 다음 사람을 살리게 됐네.
UI_STORY_TITLE,이야기
WEAPON_BLADE_V1,공용 BLADE 장비 WPN001
WEAPON_BLADE_V2,공용 BLADE 장비 WPN007
WEAPON_COMPACT_V1,공용 COMPACT 장비 WPN002
WEAPON_COMPACT_V2,공용 COMPACT 장비 WPN008
WEAPON_FOCUS_V1,공용 FOCUS 장비 WPN005
WEAPON_FOCUS_V2,공용 FOCUS 장비 WPN011
WEAPON_HEAVY_V1,공용 HEAVY 장비 WPN004
WEAPON_HEAVY_V2,공용 HEAVY 장비 WPN010
WEAPON_RIFLE_V1,공용 RIFLE 장비 WPN003
WEAPON_RIFLE_V2,공용 RIFLE 장비 WPN009
WEAPON_SUPPORT_DEVICE_V1,공용 SUPPORT_DEVICE 장비 WPN006
WEAPON_SUPPORT_DEVICE_V2,공용 SUPPORT_DEVICE 장비 WPN012
