asset_id,category,event,source_path,runtime_path,source_bytes,runtime_bytes,source_sha256,runtime_sha256,ownership_status,commercial_use,attribution_required,license_name,license_url,source_url,creator,rights_basis
audio_bgm_title_en,BGM,TITLE,"Title,ending/01_wake_the_black_star.wav",res://assets/audio/bgm/title_theme_full.mp3,4097476,4097476,3b8e941f264c2a20976055cfcabc9aefc9930cabbe105a2e57c3a6042f6bece3,3b8e941f264c2a20976055cfcabc9aefc9930cabbe105a2e57c3a6042f6bece3,USER_OWNED,True,False,,,,,USER_ASSERTED_MANUS_ORIGINALS_2026-08-19
audio_bgm_lobby,BGM,LOBBY,BGM/final_wav/073_lobby_menu_1.wav,res://assets/audio/bgm/lobby_menu_full.wav,25901538,2518240,bb908ccf10dbfc2590ab202c5761ac2e649fd4206111003e665bbbab7dd2c200,cc713e0aad36d40a82c89973029f9d80ef5b4766791ee37295c5d91982c797b9,USER_OWNED,True,False,,,,,USER_ASSERTED_MANUS_ORIGINALS_2026-08-19
audio_bgm_story,BGM,STORY,BGM/final_wav/019_scenario_emotional_1.wav,res://assets/audio/bgm/story_emotional_full.wav,25911276,2519186,23ef458c4782d1094158fc844be3ffd23a8bd48ee8740419ba5327deb51e7877,43fc8da1f1e002cf8370ce9999e0bdf7114f19f645c49876c1de79e6706e231f,USER_OWNED,True,False,,,,,USER_ASSERTED_MANUS_ORIGINALS_2026-08-19
audio_bgm_battle,BGM,BATTLE,BGM/final_wav/037_battle_tactical_1.wav,res://assets/audio/bgm/battle_tactical_full.wav,25901682,2518254,17631d654a877baeabbc612f95504dfa9eee263b9adf10ff22b44d4a0c2a8077,eddbfd137e489cd2725dd7fc47000c07031313b68bb3e3aed5c68091f4641f7c,USER_OWNED,True,False,,,,,USER_ASSERTED_MANUS_ORIGINALS_2026-08-19
audio_bgm_boss,BGM,BOSS,BGM/final_wav/055_boss_battle_1.wav,res://assets/audio/bgm/boss_battle_full.wav,25910478,2519108,0eed64094fb7eca6c39b320c08e598dbdd72ee808ea83d3c1b172bde1389b775,0f1e6a6aee1ebd956e3f74327522ef52c38782cc708eaa6b57b7a9c18353954e,USER_OWNED,True,False,,,,,USER_ASSERTED_MANUS_ORIGINALS_2026-08-19
audio_sfx_firearm_1911_a_42p,SFX,PLAYER_BASIC_ATTACK,data_source/audio_source/public_cc0/free_firearm_sfx/1911_A_42P.wav,res://assets/audio/sfx/public/firearm/1911_A_42P.wav,5489450,460844,8e84438e771c157155a6a1ff47a6a7a7d81b6f39b185d41e426c57337a82254a,20b4e165d66d7760d88ef106b99dd11c691dc83ef65b35554cfa47a0f8449bf1,CC0-1.0,True,False,Creative Commons CC0 1.0 Universal,https://creativecommons.org/publicdomain/zero/1.0/legalcode,https://opengameart.org/content/the-free-firearm-sound-library,Ben Jaszczak; Brian Nelson; Kevin Heras; Matthew Nanney,CC0_NO_RIGHTS_RESERVED_DECLARATION_ON_SOURCE_PAGE
audio_sfx_firearm_ak47_burst_c_29p,SFX,BOSS_BASIC_ATTACK,data_source/audio_source/public_cc0/free_firearm_sfx/ak47_burst_C_29P.wav,res://assets/audio/sfx/public/firearm/ak47_burst_C_29P.wav,4993166,537644,d8731d4c9afce639964fbb5a529677e75c6eb316176aee405d6f634707360987,a19b43ba0b41ed74dd9d0250a10a8be87ef283fb7b99cc41a96621f5ed9eb258,CC0-1.0,True,False,Creative Commons CC0 1.0 Universal,https://creativecommons.org/publicdomain/zero/1.0/legalcode,https://opengameart.org/content/the-free-firearm-sound-library,Ben Jaszczak; Brian Nelson; Kevin Heras; Matthew Nanney,CC0_NO_RIGHTS_RESERVED_DECLARATION_ON_SOURCE_PAGE
audio_sfx_firearm_ak47_c_28p,SFX,ENEMY_BASIC_ATTACK,data_source/audio_source/public_cc0/free_firearm_sfx/ak47_C_28P.wav,res://assets/audio/sfx/public/firearm/ak47_C_28P.wav,7188780,460844,e0934c1d79192d2216db62fdf6ab57bf9d5d585267af367a1cfb21f0972a537d,a49047c6eb6a21ec86f9a19a9811e6c2792defdaee799dd502b8fa0f791bc4e1,CC0-1.0,True,False,Creative Commons CC0 1.0 Universal,https://creativecommons.org/publicdomain/zero/1.0/legalcode,https://opengameart.org/content/the-free-firearm-sound-library,Ben Jaszczak; Brian Nelson; Kevin Heras; Matthew Nanney,CC0_NO_RIGHTS_RESERVED_DECLARATION_ON_SOURCE_PAGE
audio_sfx_firearm_ar15_d_32p,SFX,PLAYER_BASIC_ATTACK,data_source/audio_source/public_cc0/free_firearm_sfx/ar15_D_32P.wav,res://assets/audio/sfx/public/firearm/ar15_D_32P.wav,5889684,460844,acee9d2106b68fe5956225a19d7aedf943d97793817f9bda9d486a2b74b0a812,0a29346e30dcfd7590932e9d922f545462cb3731f040e8fe2090cb8c6e17813d,CC0-1.0,True,False,Creative Commons CC0 1.0 Universal,https://creativecommons.org/publicdomain/zero/1.0/legalcode,https://opengameart.org/content/the-free-firearm-sound-library,Ben Jaszczak; Brian Nelson; Kevin Heras; Matthew Nanney,CC0_NO_RIGHTS_RESERVED_DECLARATION_ON_SOURCE_PAGE
audio_sfx_firearm_m45_burst_g_33p,SFX,BOSS_BASIC_ATTACK,data_source/audio_source/public_cc0/free_firearm_sfx/m45_burst_G_33P.wav,res://assets/audio/sfx/public/firearm/m45_burst_G_33P.wav,6773400,537644,e31414f6c410634008662424631942a7966181430a6e0fc306f3b4d51d16495e,cb81dbda3ff5841997d55f4189e9aefcdebf895f5995fd7af9b3524eb0320537,CC0-1.0,True,False,Creative Commons CC0 1.0 Universal,https://creativecommons.org/publicdomain/zero/1.0/legalcode,https://opengameart.org/content/the-free-firearm-sound-library,Ben Jaszczak; Brian Nelson; Kevin Heras; Matthew Nanney,CC0_NO_RIGHTS_RESERVED_DECLARATION_ON_SOURCE_PAGE
audio_sfx_firearm_model12_k_17p,SFX,BOSS_BASIC_ATTACK,data_source/audio_source/public_cc0/free_firearm_sfx/model12_K_17P.wav,res://assets/audio/sfx/public/firearm/model12_K_17P.wav,5910056,460844,df18e60e5742bc18373ff46e5c471ef71849b138120d165f26104b249679ace0,ba3ed1fb71601befae36c9525496df8fb9c32e03bee440fe1240bb1dce7f80bc,CC0-1.0,True,False,Creative Commons CC0 1.0 Universal,https://creativecommons.org/publicdomain/zero/1.0/legalcode,https://opengameart.org/content/the-free-firearm-sound-library,Ben Jaszczak; Brian Nelson; Kevin Heras; Matthew Nanney,CC0_NO_RIGHTS_RESERVED_DECLARATION_ON_SOURCE_PAGE
audio_sfx_firearm_nova_o_21p,SFX,BOSS_BASIC_ATTACK,data_source/audio_source/public_cc0/free_firearm_sfx/nova_O_21P.wav,res://assets/audio/sfx/public/firearm/nova_O_21P.wav,3931936,460844,5661d0625e4634f19e6e316c13693b80c8e28cd9f716cf9c75c465153ae40815,991439af20c29153f32edf744bdd06b0f6939ab189afdd1f9307de8628eabf69,CC0-1.0,True,False,Creative Commons CC0 1.0 Universal,https://creativecommons.org/publicdomain/zero/1.0/legalcode,https://opengameart.org/content/the-free-firearm-sound-library,Ben Jaszczak; Brian Nelson; Kevin Heras; Matthew Nanney,CC0_NO_RIGHTS_RESERVED_DECLARATION_ON_SOURCE_PAGE
audio_sfx_firearm_ppsh_burst_p_32p,SFX,,data_source/audio_source/public_cc0/free_firearm_sfx/ppsh_burst_P_32P.wav,res://assets/audio/sfx/public/firearm/ppsh_burst_P_32P.wav,5214642,537644,68fd99fc973b111d6d4c10aa907e142a21510dea693480ebd5d5ef5abac9fcdf,c67d97620b03ff422f983e56b712dc8d82c3ec69095ce44ce1fc76c1a29bdecc,CC0-1.0,True,False,Creative Commons CC0 1.0 Universal,https://creativecommons.org/publicdomain/zero/1.0/legalcode,https://opengameart.org/content/the-free-firearm-sound-library,Ben Jaszczak; Brian Nelson; Kevin Heras; Matthew Nanney,CC0_NO_RIGHTS_RESERVED_DECLARATION_ON_SOURCE_PAGE
audio_sfx_firearm_savage300_t_27p,SFX,,data_source/audio_source/public_cc0/free_firearm_sfx/savage300_T_27P.wav,res://assets/audio/sfx/public/firearm/savage300_T_27P.wav,4153180,460844,92296c320f7854da29ff28d1687da21a110cb1242bb03e5e1e62f6a4e7f79f3b,878b61272bf19c99d4d72b5407da0b7344608871e1fc5a944157a4c2e7bea84d,CC0-1.0,True,False,Creative Commons CC0 1.0 Universal,https://creativecommons.org/publicdomain/zero/1.0/legalcode,https://opengameart.org/content/the-free-firearm-sound-library,Ben Jaszczak; Brian Nelson; Kevin Heras; Matthew Nanney,CC0_NO_RIGHTS_RESERVED_DECLARATION_ON_SOURCE_PAGE
audio_sfx_firearm_sks_u_14p,SFX,ENEMY_BASIC_ATTACK,data_source/audio_source/public_cc0/free_firearm_sfx/sks_U_14P.wav,res://assets/audio/sfx/public/firearm/sks_U_14P.wav,12482484,460844,ad33d11af79d73ec8b7a527a8aed948a086a0d764cec5a54d2e86887351d6c96,99dcd768b0c76fbe6dfc4b807e48a35272d41d5efb3f235970ef14b14a845f6a,CC0-1.0,True,False,Creative Commons CC0 1.0 Universal,https://creativecommons.org/publicdomain/zero/1.0/legalcode,https://opengameart.org/content/the-free-firearm-sound-library,Ben Jaszczak; Brian Nelson; Kevin Heras; Matthew Nanney,CC0_NO_RIGHTS_RESERVED_DECLARATION_ON_SOURCE_PAGE
audio_sfx_firearm_tikka_w_24p,SFX,ENEMY_BASIC_ATTACK,data_source/audio_source/public_cc0/free_firearm_sfx/tikka_W_24P.wav,res://assets/audio/sfx/public/firearm/tikka_W_24P.wav,5345648,460844,dceb44954c7308e86b15f5f52608643ca66adb977937794a860a6037de303bb4,f97cadbedbb7c50e442ab2e34c0ba445c27b1afe337da614559a90670da1d693,CC0-1.0,True,False,Creative Commons CC0 1.0 Universal,https://creativecommons.org/publicdomain/zero/1.0/legalcode,https://opengameart.org/content/the-free-firearm-sound-library,Ben Jaszczak; Brian Nelson; Kevin Heras; Matthew Nanney,CC0_NO_RIGHTS_RESERVED_DECLARATION_ON_SOURCE_PAGE
audio_sfx_firearm_walther_ppq_x_31p,SFX,PLAYER_BASIC_ATTACK,data_source/audio_source/public_cc0/free_firearm_sfx/walther_ppq_X_31P.wav,res://assets/audio/sfx/public/firearm/walther_ppq_X_31P.wav,5461338,460844,b6439228ca46b37c00463265028094559ae5c9896c796b5d40ea4f33247f149c,503f9c8cf2ef2d279fa9fc9e5fc1abe5389b67d6e9ad565a2d19431ce71d120a,CC0-1.0,True,False,Creative Commons CC0 1.0 Universal,https://creativecommons.org/publicdomain/zero/1.0/legalcode,https://opengameart.org/content/the-free-firearm-sound-library,Ben Jaszczak; Brian Nelson; Kevin Heras; Matthew Nanney,CC0_NO_RIGHTS_RESERVED_DECLARATION_ON_SOURCE_PAGE
audio_sfx_bang_bang_01,SFX,PLAYER_NORMAL_SKILL,data_source/audio_source/public_cc0/bang_firework/bang_01.ogg,res://assets/audio/sfx/public/bang/bang_01.ogg,37156,37156,5f4c32527a74b73c1ba9f5914bb7881f96068f29435be241c4de7c9020e3e638,5f4c32527a74b73c1ba9f5914bb7881f96068f29435be241c4de7c9020e3e638,CC0-1.0,True,False,Creative Commons CC0 1.0 Universal,https://creativecommons.org/publicdomain/zero/1.0/legalcode,https://opengameart.org/content/25-cc0-bang-firework-sfx,rubberduck,CC0_LICENSE_DECLARED_ON_SOURCE_PAGE
audio_sfx_bang_bang_02,SFX,PLAYER_NORMAL_SKILL,data_source/audio_source/public_cc0/bang_firework/bang_02.ogg,res://assets/audio/sfx/public/bang/bang_02.ogg,36302,36302,0f0c960888e6ebcb1bc68fa77fa0e52a26b8693b7a420a95ed0d669c486bc4f5,0f0c960888e6ebcb1bc68fa77fa0e52a26b8693b7a420a95ed0d669c486bc4f5,CC0-1.0,True,False,Creative Commons CC0 1.0 Universal,https://creativecommons.org/publicdomain/zero/1.0/legalcode,https://opengameart.org/content/25-cc0-bang-firework-sfx,rubberduck,CC0_LICENSE_DECLARED_ON_SOURCE_PAGE
audio_sfx_bang_bang_03,SFX,ENEMY_SKILL,data_source/audio_source/public_cc0/bang_firework/bang_03.ogg,res://assets/audio/sfx/public/bang/bang_03.ogg,25714,25714,b823f53557ca9702f57b3f9e997fc92d5b87da99d464309d14199aabf2d620c4,b823f53557ca9702f57b3f9e997fc92d5b87da99d464309d14199aabf2d620c4,CC0-1.0,True,False,Creative Commons CC0 1.0 Universal,https://creativecommons.org/publicdomain/zero/1.0/legalcode,https://opengameart.org/content/25-cc0-bang-firework-sfx,rubberduck,CC0_LICENSE_DECLARED_ON_SOURCE_PAGE
audio_sfx_bang_bang_04,SFX,ENEMY_SKILL,data_source/audio_source/public_cc0/bang_firework/bang_04.ogg,res://assets/audio/sfx/public/bang/bang_04.ogg,43454,43454,fb3b76187c36e185a331d2250268132dbf2eb490a6c0414d69e3570c72b4f2e6,fb3b76187c36e185a331d2250268132dbf2eb490a6c0414d69e3570c72b4f2e6,CC0-1.0,True,False,Creative Commons CC0 1.0 Universal,https://creativecommons.org/publicdomain/zero/1.0/legalcode,https://opengameart.org/content/25-cc0-bang-firework-sfx,rubberduck,CC0_LICENSE_DECLARED_ON_SOURCE_PAGE
audio_sfx_bang_bang_05,SFX,,data_source/audio_source/public_cc0/bang_firework/bang_05.ogg,res://assets/audio/sfx/public/bang/bang_05.ogg,45926,45926,6881ae4a9ca936916322162cbc13dfcf180a35b99e9b84048988161234bfa83c,6881ae4a9ca936916322162cbc13dfcf180a35b99e9b84048988161234bfa83c,CC0-1.0,True,False,Creative Commons CC0 1.0 Universal,https://creativecommons.org/publicdomain/zero/1.0/legalcode,https://opengameart.org/content/25-cc0-bang-firework-sfx,rubberduck,CC0_LICENSE_DECLARED_ON_SOURCE_PAGE
audio_sfx_bang_bang_06,SFX,,data_source/audio_source/public_cc0/bang_firework/bang_06.ogg,res://assets/audio/sfx/public/bang/bang_06.ogg,22734,22734,1209d7d44cd333abe089bb0ed8ac684381abfde8e4baad20bd5a0005168fd9ea,1209d7d44cd333abe089bb0ed8ac684381abfde8e4baad20bd5a0005168fd9ea,CC0-1.0,True,False,Creative Commons CC0 1.0 Universal,https://creativecommons.org/publicdomain/zero/1.0/legalcode,https://opengameart.org/content/25-cc0-bang-firework-sfx,rubberduck,CC0_LICENSE_DECLARED_ON_SOURCE_PAGE
audio_sfx_bang_bang_07,SFX,,data_source/audio_source/public_cc0/bang_firework/bang_07.ogg,res://assets/audio/sfx/public/bang/bang_07.ogg,26825,26825,a16c416e8715aa937d9009c7337a35a21d85bb087ba866e9eed89c1c7862b4f3,a16c416e8715aa937d9009c7337a35a21d85bb087ba866e9eed89c1c7862b4f3,CC0-1.0,True,False,Creative Commons CC0 1.0 Universal,https://creativecommons.org/publicdomain/zero/1.0/legalcode,https://opengameart.org/content/25-cc0-bang-firework-sfx,rubberduck,CC0_LICENSE_DECLARED_ON_SOURCE_PAGE
audio_sfx_bang_bang_08,SFX,,data_source/audio_source/public_cc0/bang_firework/bang_08.ogg,res://assets/audio/sfx/public/bang/bang_08.ogg,19546,19546,aaaba1cdaeb9e5e61abf3ebdff09c967b5d451c42b45259e3b00f62575baafea,aaaba1cdaeb9e5e61abf3ebdff09c967b5d451c42b45259e3b00f62575baafea,CC0-1.0,True,False,Creative Commons CC0 1.0 Universal,https://creativecommons.org/publicdomain/zero/1.0/legalcode,https://opengameart.org/content/25-cc0-bang-firework-sfx,rubberduck,CC0_LICENSE_DECLARED_ON_SOURCE_PAGE
audio_sfx_bang_bang_09,SFX,,data_source/audio_source/public_cc0/bang_firework/bang_09.ogg,res://assets/audio/sfx/public/bang/bang_09.ogg,19195,19195,ca0c121adbcbf3d0af366d03ace49a4e018e7157c7f35348c63918fa34afbc46,ca0c121adbcbf3d0af366d03ace49a4e018e7157c7f35348c63918fa34afbc46,CC0-1.0,True,False,Creative Commons CC0 1.0 Universal,https://creativecommons.org/publicdomain/zero/1.0/legalcode,https://opengameart.org/content/25-cc0-bang-firework-sfx,rubberduck,CC0_LICENSE_DECLARED_ON_SOURCE_PAGE
audio_sfx_bang_bang_10,SFX,,data_source/audio_source/public_cc0/bang_firework/bang_10.ogg,res://assets/audio/sfx/public/bang/bang_10.ogg,37353,37353,c012d643e9cac159729a1026f6a8f70a6f84be7bdddc18fc8051243f814a17ec,c012d643e9cac159729a1026f6a8f70a6f84be7bdddc18fc8051243f814a17ec,CC0-1.0,True,False,Creative Commons CC0 1.0 Universal,https://creativecommons.org/publicdomain/zero/1.0/legalcode,https://opengameart.org/content/25-cc0-bang-firework-sfx,rubberduck,CC0_LICENSE_DECLARED_ON_SOURCE_PAGE
audio_sfx_bang_cannon_01,SFX,PLAYER_ULTIMATE,data_source/audio_source/public_cc0/bang_firework/cannon_01.ogg,res://assets/audio/sfx/public/bang/cannon_01.ogg,54484,54484,e87ca0ee6b53da1f21cd9086cb75f456495871618fdfed63388bd2208a872596,e87ca0ee6b53da1f21cd9086cb75f456495871618fdfed63388bd2208a872596,CC0-1.0,True,False,Creative Commons CC0 1.0 Universal,https://creativecommons.org/publicdomain/zero/1.0/legalcode,https://opengameart.org/content/25-cc0-bang-firework-sfx,rubberduck,CC0_LICENSE_DECLARED_ON_SOURCE_PAGE
audio_sfx_bang_cannon_02,SFX,PLAYER_ULTIMATE,data_source/audio_source/public_cc0/bang_firework/cannon_02.ogg,res://assets/audio/sfx/public/bang/cannon_02.ogg,69097,69097,716392af61b29dabe637c2616091207f390d25357aae3d4c625df5dfea7e961d,716392af61b29dabe637c2616091207f390d25357aae3d4c625df5dfea7e961d,CC0-1.0,True,False,Creative Commons CC0 1.0 Universal,https://creativecommons.org/publicdomain/zero/1.0/legalcode,https://opengameart.org/content/25-cc0-bang-firework-sfx,rubberduck,CC0_LICENSE_DECLARED_ON_SOURCE_PAGE
audio_sfx_bang_cannon_03,SFX,BOSS_SKILL,data_source/audio_source/public_cc0/bang_firework/cannon_03.ogg,res://assets/audio/sfx/public/bang/cannon_03.ogg,38818,38818,c3690a013befc16be1432e6fe62422db71c7b606980ddfe62429e864c5caf1d2,c3690a013befc16be1432e6fe62422db71c7b606980ddfe62429e864c5caf1d2,CC0-1.0,True,False,Creative Commons CC0 1.0 Universal,https://creativecommons.org/publicdomain/zero/1.0/legalcode,https://opengameart.org/content/25-cc0-bang-firework-sfx,rubberduck,CC0_LICENSE_DECLARED_ON_SOURCE_PAGE
audio_sfx_bang_cannon_04,SFX,BOSS_SKILL,data_source/audio_source/public_cc0/bang_firework/cannon_04.ogg,res://assets/audio/sfx/public/bang/cannon_04.ogg,39071,39071,58714ef1d8c73a52cd9358c783de4b961ee96259de112c6493a1028bc60410e8,58714ef1d8c73a52cd9358c783de4b961ee96259de112c6493a1028bc60410e8,CC0-1.0,True,False,Creative Commons CC0 1.0 Universal,https://creativecommons.org/publicdomain/zero/1.0/legalcode,https://opengameart.org/content/25-cc0-bang-firework-sfx,rubberduck,CC0_LICENSE_DECLARED_ON_SOURCE_PAGE
audio_sfx_bang_cannon_05,SFX,BOSS_SKILL,data_source/audio_source/public_cc0/bang_firework/cannon_05.ogg,res://assets/audio/sfx/public/bang/cannon_05.ogg,40160,40160,d0ab7de664533fa115a65dcc877c443fe02e8e6cc96e8051c34fe9ec66474c7b,d0ab7de664533fa115a65dcc877c443fe02e8e6cc96e8051c34fe9ec66474c7b,CC0-1.0,True,False,Creative Commons CC0 1.0 Universal,https://creativecommons.org/publicdomain/zero/1.0/legalcode,https://opengameart.org/content/25-cc0-bang-firework-sfx,rubberduck,CC0_LICENSE_DECLARED_ON_SOURCE_PAGE
audio_sfx_bang_fw_01,SFX,,data_source/audio_source/public_cc0/bang_firework/fw_01.ogg,res://assets/audio/sfx/public/bang/fw_01.ogg,49313,49313,1c8a6053433cd682a65665780ead9dfadc14c9442337e6d54469100bcb743694,1c8a6053433cd682a65665780ead9dfadc14c9442337e6d54469100bcb743694,CC0-1.0,True,False,Creative Commons CC0 1.0 Universal,https://creativecommons.org/publicdomain/zero/1.0/legalcode,https://opengameart.org/content/25-cc0-bang-firework-sfx,rubberduck,CC0_LICENSE_DECLARED_ON_SOURCE_PAGE
audio_sfx_bang_fw_02,SFX,,data_source/audio_source/public_cc0/bang_firework/fw_02.ogg,res://assets/audio/sfx/public/bang/fw_02.ogg,55648,55648,3f0e772c7608937de3e0d39167e1c7037c047f1891bbcf7f7ab6af21fe87177c,3f0e772c7608937de3e0d39167e1c7037c047f1891bbcf7f7ab6af21fe87177c,CC0-1.0,True,False,Creative Commons CC0 1.0 Universal,https://creativecommons.org/publicdomain/zero/1.0/legalcode,https://opengameart.org/content/25-cc0-bang-firework-sfx,rubberduck,CC0_LICENSE_DECLARED_ON_SOURCE_PAGE
audio_sfx_bang_fw_03,SFX,,data_source/audio_source/public_cc0/bang_firework/fw_03.ogg,res://assets/audio/sfx/public/bang/fw_03.ogg,51269,51269,2f2c7e9d44d61a5ddcdf7982383229e9b3fa6e0d37651c07030ab7d21baca49c,2f2c7e9d44d61a5ddcdf7982383229e9b3fa6e0d37651c07030ab7d21baca49c,CC0-1.0,True,False,Creative Commons CC0 1.0 Universal,https://creativecommons.org/publicdomain/zero/1.0/legalcode,https://opengameart.org/content/25-cc0-bang-firework-sfx,rubberduck,CC0_LICENSE_DECLARED_ON_SOURCE_PAGE
audio_sfx_bang_fw_04,SFX,,data_source/audio_source/public_cc0/bang_firework/fw_04.ogg,res://assets/audio/sfx/public/bang/fw_04.ogg,74460,74460,48c5f564ebba962c3f54cd6bc6d4d958c47e9a795aabe8a91643afaa9fdf4c11,48c5f564ebba962c3f54cd6bc6d4d958c47e9a795aabe8a91643afaa9fdf4c11,CC0-1.0,True,False,Creative Commons CC0 1.0 Universal,https://creativecommons.org/publicdomain/zero/1.0/legalcode,https://opengameart.org/content/25-cc0-bang-firework-sfx,rubberduck,CC0_LICENSE_DECLARED_ON_SOURCE_PAGE
audio_sfx_bang_fw_05,SFX,,data_source/audio_source/public_cc0/bang_firework/fw_05.ogg,res://assets/audio/sfx/public/bang/fw_05.ogg,32455,32455,d513015c404049f5332ea4c3b0d19a764e7c26639949c7d18894635b691f4787,d513015c404049f5332ea4c3b0d19a764e7c26639949c7d18894635b691f4787,CC0-1.0,True,False,Creative Commons CC0 1.0 Universal,https://creativecommons.org/publicdomain/zero/1.0/legalcode,https://opengameart.org/content/25-cc0-bang-firework-sfx,rubberduck,CC0_LICENSE_DECLARED_ON_SOURCE_PAGE
audio_sfx_bang_fw_06,SFX,,data_source/audio_source/public_cc0/bang_firework/fw_06.ogg,res://assets/audio/sfx/public/bang/fw_06.ogg,39089,39089,3957eaa6bb83b63ee73de9a5d3a17df201dfddedf705eb29cd25a9548a8f02c2,3957eaa6bb83b63ee73de9a5d3a17df201dfddedf705eb29cd25a9548a8f02c2,CC0-1.0,True,False,Creative Commons CC0 1.0 Universal,https://creativecommons.org/publicdomain/zero/1.0/legalcode,https://opengameart.org/content/25-cc0-bang-firework-sfx,rubberduck,CC0_LICENSE_DECLARED_ON_SOURCE_PAGE
audio_sfx_bang_fw_loop,SFX,,data_source/audio_source/public_cc0/bang_firework/fw_loop.ogg,res://assets/audio/sfx/public/bang/fw_loop.ogg,600425,600425,f584e533bbbf236efe49506ab1caaad9269375ce260ee773bbd8f1448c05ea34,f584e533bbbf236efe49506ab1caaad9269375ce260ee773bbd8f1448c05ea34,CC0-1.0,True,False,Creative Commons CC0 1.0 Universal,https://creativecommons.org/publicdomain/zero/1.0/legalcode,https://opengameart.org/content/25-cc0-bang-firework-sfx,rubberduck,CC0_LICENSE_DECLARED_ON_SOURCE_PAGE
audio_sfx_bang_shot_01,SFX,,data_source/audio_source/public_cc0/bang_firework/shot_01.ogg,res://assets/audio/sfx/public/bang/shot_01.ogg,21380,21380,a846eefebbb08b6f6d31a7728318b8de349ea2971cea148d7afdb41d797fdcfc,a846eefebbb08b6f6d31a7728318b8de349ea2971cea148d7afdb41d797fdcfc,CC0-1.0,True,False,Creative Commons CC0 1.0 Universal,https://creativecommons.org/publicdomain/zero/1.0/legalcode,https://opengameart.org/content/25-cc0-bang-firework-sfx,rubberduck,CC0_LICENSE_DECLARED_ON_SOURCE_PAGE
audio_sfx_bang_shot_02,SFX,,data_source/audio_source/public_cc0/bang_firework/shot_02.ogg,res://assets/audio/sfx/public/bang/shot_02.ogg,19919,19919,4b9b62ff7f430d9d257a07efc54be8192c2e01668fe5e2461f217b2f8fe33a77,4b9b62ff7f430d9d257a07efc54be8192c2e01668fe5e2461f217b2f8fe33a77,CC0-1.0,True,False,Creative Commons CC0 1.0 Universal,https://creativecommons.org/publicdomain/zero/1.0/legalcode,https://opengameart.org/content/25-cc0-bang-firework-sfx,rubberduck,CC0_LICENSE_DECLARED_ON_SOURCE_PAGE
audio_sfx_bang_shot_03,SFX,,data_source/audio_source/public_cc0/bang_firework/shot_03.ogg,res://assets/audio/sfx/public/bang/shot_03.ogg,17081,17081,f3cfbf0af36a717ff9c8f58640f181db7b73266e8263591014d453c4e77c6418,f3cfbf0af36a717ff9c8f58640f181db7b73266e8263591014d453c4e77c6418,CC0-1.0,True,False,Creative Commons CC0 1.0 Universal,https://creativecommons.org/publicdomain/zero/1.0/legalcode,https://opengameart.org/content/25-cc0-bang-firework-sfx,rubberduck,CC0_LICENSE_DECLARED_ON_SOURCE_PAGE
audio_sfx_impact_hammer_02,SFX,,data_source/audio_source/public_cc0/wood_metal/hammer_02.ogg,res://assets/audio/sfx/public/impact/hammer_02.ogg,12076,12076,0e4a3eac2ffd7bd7f3d7dea84df761bd2ef1dbe754199d16f11aa8dd5a668781,0e4a3eac2ffd7bd7f3d7dea84df761bd2ef1dbe754199d16f11aa8dd5a668781,CC0-1.0,True,False,Creative Commons CC0 1.0 Universal,https://creativecommons.org/publicdomain/zero/1.0/legalcode,https://opengameart.org/content/100-cc0-metal-and-wood-sfx,rubberduck,CC0_LICENSE_DECLARED_ON_SOURCE_PAGE
audio_sfx_impact_hammer_04,SFX,BOSS_HIT,data_source/audio_source/public_cc0/wood_metal/hammer_04.ogg,res://assets/audio/sfx/public/impact/hammer_04.ogg,12845,12845,7fd6d4ab5a7fe6e0993b99fe91010271548bd319a50237f16120a431040ae169,7fd6d4ab5a7fe6e0993b99fe91010271548bd319a50237f16120a431040ae169,CC0-1.0,True,False,Creative Commons CC0 1.0 Universal,https://creativecommons.org/publicdomain/zero/1.0/legalcode,https://opengameart.org/content/100-cc0-metal-and-wood-sfx,rubberduck,CC0_LICENSE_DECLARED_ON_SOURCE_PAGE
audio_sfx_impact_metal_hit_01,SFX,ENEMY_HIT,data_source/audio_source/public_cc0/wood_metal/metal_hit_01.ogg,res://assets/audio/sfx/public/impact/metal_hit_01.ogg,12422,12422,f5fd185fce454947c1d91ce6757e219c4d7c6c139d4aa9d419cd7a79c7f6df3b,f5fd185fce454947c1d91ce6757e219c4d7c6c139d4aa9d419cd7a79c7f6df3b,CC0-1.0,True,False,Creative Commons CC0 1.0 Universal,https://creativecommons.org/publicdomain/zero/1.0/legalcode,https://opengameart.org/content/100-cc0-metal-and-wood-sfx,rubberduck,CC0_LICENSE_DECLARED_ON_SOURCE_PAGE
audio_sfx_impact_metal_hit_02,SFX,PLAYER_HIT,data_source/audio_source/public_cc0/wood_metal/metal_hit_02.ogg,res://assets/audio/sfx/public/impact/metal_hit_02.ogg,17378,17378,9074c0828727bd00834cabcaaf5b8cbff2cfad7b45676b95d86c0919e444f8b1,9074c0828727bd00834cabcaaf5b8cbff2cfad7b45676b95d86c0919e444f8b1,CC0-1.0,True,False,Creative Commons CC0 1.0 Universal,https://creativecommons.org/publicdomain/zero/1.0/legalcode,https://opengameart.org/content/100-cc0-metal-and-wood-sfx,rubberduck,CC0_LICENSE_DECLARED_ON_SOURCE_PAGE
audio_sfx_impact_metal_hit_03,SFX,,data_source/audio_source/public_cc0/wood_metal/metal_hit_03.ogg,res://assets/audio/sfx/public/impact/metal_hit_03.ogg,17431,17431,9daf6e7e1fc1871acfb063cb25ce050faab559ee6c42fed84bf18a4067f26a4d,9daf6e7e1fc1871acfb063cb25ce050faab559ee6c42fed84bf18a4067f26a4d,CC0-1.0,True,False,Creative Commons CC0 1.0 Universal,https://creativecommons.org/publicdomain/zero/1.0/legalcode,https://opengameart.org/content/100-cc0-metal-and-wood-sfx,rubberduck,CC0_LICENSE_DECLARED_ON_SOURCE_PAGE
audio_sfx_impact_metal_hit_04,SFX,PLAYER_HIT,data_source/audio_source/public_cc0/wood_metal/metal_hit_04.ogg,res://assets/audio/sfx/public/impact/metal_hit_04.ogg,15532,15532,dfc5ebc2cafcf2670f3937882c5040abe5c8855885c886023592d9a0779dde48,dfc5ebc2cafcf2670f3937882c5040abe5c8855885c886023592d9a0779dde48,CC0-1.0,True,False,Creative Commons CC0 1.0 Universal,https://creativecommons.org/publicdomain/zero/1.0/legalcode,https://opengameart.org/content/100-cc0-metal-and-wood-sfx,rubberduck,CC0_LICENSE_DECLARED_ON_SOURCE_PAGE
audio_sfx_impact_metal_hit_05,SFX,,data_source/audio_source/public_cc0/wood_metal/metal_hit_05.ogg,res://assets/audio/sfx/public/impact/metal_hit_05.ogg,13937,13937,04e4d0926afd4bcd7d451884e0a74cea7c9661f56e211aeb8a4ee07bbccf4715,04e4d0926afd4bcd7d451884e0a74cea7c9661f56e211aeb8a4ee07bbccf4715,CC0-1.0,True,False,Creative Commons CC0 1.0 Universal,https://creativecommons.org/publicdomain/zero/1.0/legalcode,https://opengameart.org/content/100-cc0-metal-and-wood-sfx,rubberduck,CC0_LICENSE_DECLARED_ON_SOURCE_PAGE
audio_sfx_impact_metal_sheet_04,SFX,BOSS_HIT,data_source/audio_source/public_cc0/wood_metal/metal_sheet_04.ogg,res://assets/audio/sfx/public/impact/metal_sheet_04.ogg,18350,18350,4c3a2db2940ce846d745fea57407dd8644e60dc15ecc203dee2d02713ebb2fd4,4c3a2db2940ce846d745fea57407dd8644e60dc15ecc203dee2d02713ebb2fd4,CC0-1.0,True,False,Creative Commons CC0 1.0 Universal,https://creativecommons.org/publicdomain/zero/1.0/legalcode,https://opengameart.org/content/100-cc0-metal-and-wood-sfx,rubberduck,CC0_LICENSE_DECLARED_ON_SOURCE_PAGE
audio_sfx_impact_metal_sheet_06,SFX,BOSS_HIT,data_source/audio_source/public_cc0/wood_metal/metal_sheet_06.ogg,res://assets/audio/sfx/public/impact/metal_sheet_06.ogg,26995,26995,d420000a04be527a1cbd6ddf9f9d4a77e7929c8941364b2dc575c1254204a8c2,d420000a04be527a1cbd6ddf9f9d4a77e7929c8941364b2dc575c1254204a8c2,CC0-1.0,True,False,Creative Commons CC0 1.0 Universal,https://creativecommons.org/publicdomain/zero/1.0/legalcode,https://opengameart.org/content/100-cc0-metal-and-wood-sfx,rubberduck,CC0_LICENSE_DECLARED_ON_SOURCE_PAGE
audio_sfx_impact_metal_slam_01,SFX,BOSS_HIT,data_source/audio_source/public_cc0/wood_metal/metal_slam_01.ogg,res://assets/audio/sfx/public/impact/metal_slam_01.ogg,24256,24256,a335ccf202578bd740f930f0648a4dcbbbce3ebb2519335be023532578f56176,a335ccf202578bd740f930f0648a4dcbbbce3ebb2519335be023532578f56176,CC0-1.0,True,False,Creative Commons CC0 1.0 Universal,https://creativecommons.org/publicdomain/zero/1.0/legalcode,https://opengameart.org/content/100-cc0-metal-and-wood-sfx,rubberduck,CC0_LICENSE_DECLARED_ON_SOURCE_PAGE
audio_sfx_impact_wood_hit_02,SFX,ENEMY_HIT,data_source/audio_source/public_cc0/wood_metal/wood_hit_02.ogg,res://assets/audio/sfx/public/impact/wood_hit_02.ogg,16082,16082,533144d0633e756d91a7ee6d3a1f00bed81ad85d221232c5e4812e4fd7b14177,533144d0633e756d91a7ee6d3a1f00bed81ad85d221232c5e4812e4fd7b14177,CC0-1.0,True,False,Creative Commons CC0 1.0 Universal,https://creativecommons.org/publicdomain/zero/1.0/legalcode,https://opengameart.org/content/100-cc0-metal-and-wood-sfx,rubberduck,CC0_LICENSE_DECLARED_ON_SOURCE_PAGE
audio_sfx_impact_wood_hit_04,SFX,,data_source/audio_source/public_cc0/wood_metal/wood_hit_04.ogg,res://assets/audio/sfx/public/impact/wood_hit_04.ogg,16065,16065,c7723f3c577cc6f46b091233fcb735016c6e15d462b371393baa4d265aef52b6,c7723f3c577cc6f46b091233fcb735016c6e15d462b371393baa4d265aef52b6,CC0-1.0,True,False,Creative Commons CC0 1.0 Universal,https://creativecommons.org/publicdomain/zero/1.0/legalcode,https://opengameart.org/content/100-cc0-metal-and-wood-sfx,rubberduck,CC0_LICENSE_DECLARED_ON_SOURCE_PAGE
audio_sfx_impact_wood_hit_06,SFX,ENEMY_HIT,data_source/audio_source/public_cc0/wood_metal/wood_hit_06.ogg,res://assets/audio/sfx/public/impact/wood_hit_06.ogg,13185,13185,6224beb74c930ac6b88358ced7c024b23a50d71acfe565e83cc29ffbe383676e,6224beb74c930ac6b88358ced7c024b23a50d71acfe565e83cc29ffbe383676e,CC0-1.0,True,False,Creative Commons CC0 1.0 Universal,https://creativecommons.org/publicdomain/zero/1.0/legalcode,https://opengameart.org/content/100-cc0-metal-and-wood-sfx,rubberduck,CC0_LICENSE_DECLARED_ON_SOURCE_PAGE
audio_sfx_impact_wood_hit_08,SFX,,data_source/audio_source/public_cc0/wood_metal/wood_hit_08.ogg,res://assets/audio/sfx/public/impact/wood_hit_08.ogg,17512,17512,b91720c949e065eabf8980beefe95bc1ede281224d834838c32a6753f2ad93a1,b91720c949e065eabf8980beefe95bc1ede281224d834838c32a6753f2ad93a1,CC0-1.0,True,False,Creative Commons CC0 1.0 Universal,https://creativecommons.org/publicdomain/zero/1.0/legalcode,https://opengameart.org/content/100-cc0-metal-and-wood-sfx,rubberduck,CC0_LICENSE_DECLARED_ON_SOURCE_PAGE
audio_sfx_misc_dull_explosion,SFX,BOSS_SKILL,data_source/audio_source/public_cc0/various_impacts/dull_explosion.wav,res://assets/audio/sfx/public/misc/dull_explosion.wav,1351866,614444,f79f07a733eb27822fb4567318e38b150a482d340bdabad7a30c099815109588,b18821c80a9555ec8dc225ea427bd7daa1da0b2c5eb44ad4a234a758df933246,CC0-1.0,True,False,Creative Commons CC0 1.0 Universal,https://creativecommons.org/publicdomain/zero/1.0/legalcode,https://opengameart.org/content/various-sound-effects-0,Julie Damsgaard / Spring Spring / Spring Enterprises,CC0_LICENSE_DECLARED_ON_SOURCE_PAGE
audio_sfx_misc_player_hit,SFX,PLAYER_HIT,data_source/audio_source/public_cc0/various_impacts/player_hit.wav,res://assets/audio/sfx/public/misc/player_hit.wav,252090,125996,375a901345e41ce6fd910e82b361b5981eefebf94606ad1a1babc2be9b73cea9,0474de0f1fb9911d2f1ae14a9275ddaac3dd37241cef03e859015c5142beea0c,CC0-1.0,True,False,Creative Commons CC0 1.0 Universal,https://creativecommons.org/publicdomain/zero/1.0/legalcode,https://opengameart.org/content/various-sound-effects-0,Julie Damsgaard / Spring Spring / Spring Enterprises,CC0_LICENSE_DECLARED_ON_SOURCE_PAGE
audio_sfx_misc_snd_bullethit,SFX,ENEMY_HIT,data_source/audio_source/public_cc0/various_impacts/snd_bullethit.wav,res://assets/audio/sfx/public/misc/snd_bullethit.wav,64514,32220,ce3d012095aca95ef028a613996ac6f9f890f9bcc5ff43af03d8c5f28e736a05,d7bf2033e1039a1bf45e0d4e6e8e2b606625f99399e2c6675fb795b7f5c4da70,CC0-1.0,True,False,Creative Commons CC0 1.0 Universal,https://creativecommons.org/publicdomain/zero/1.0/legalcode,https://opengameart.org/content/various-sound-effects-0,Julie Damsgaard / Spring Spring / Spring Enterprises,CC0_LICENSE_DECLARED_ON_SOURCE_PAGE
