id,chapter_id,mode,stage_number,name_key,recommended_level,post_cap_scale,stamina_cost,time_limit,target_time,waves,reward_table_id,boss,daily_attempts
CH01-N01,CH01,NORMAL,1,STAGE_CH01_N01,1,3.5,6,90,70,"[[""ENM001"",""ENM002""],[""ENM001"",""ENM003""]]",REWARD_CH01-N01,False,0
CH01-N02,CH01,NORMAL,2,STAGE_CH01_N02,2,3.3,6,90,70,"[[""ENM001"",""ENM002"",""ENM002""],[""ENM003"",""ENM004""]]",REWARD_CH01-N02,False,0
CH01-N03,CH01,NORMAL,3,STAGE_CH01_N03,3,3.4,6,90,70,"[[""ENM005"",""ENM010""],[""ENM002"",""ENM006"",""ENM001""]]",REWARD_CH01-N03,False,0
CH01-N04,CH01,NORMAL,4,STAGE_CH01_N04,4,3.4,7,90,70,"[[""ENM003"",""ENM004""],[""ENM001"",""ENM005"",""ENM006""]]",REWARD_CH01-N04,False,0
CH01-N05,CH01,NORMAL,5,STAGE_CH01_N05,5,2.97,7,90,70,"[[""ENM002"",""ENM011""],[""ENM007""]]",REWARD_CH01-N05,False,0
CH01-N06,CH01,NORMAL,6,STAGE_CH01_N06,6,2.8,7,90,70,"[[""ENM001"",""ENM003""],[""ENM002"",""ENM004""],[""ENM007""]]",REWARD_CH01-N06,False,0
CH01-N07,CH01,NORMAL,7,STAGE_CH01_N07,7,2.95,8,90,70,"[[""ENM012"",""ENM006""],[""ENM008""]]",REWARD_CH01-N07,False,0
CH01-N08,CH01,NORMAL,8,STAGE_CH01_N08,8,2.5,8,90,70,"[[""ENM003"",""ENM004""],[""ENM008"",""ENM001""]]",REWARD_CH01-N08,False,0
CH01-N09,CH01,NORMAL,9,STAGE_CH01_N09,9,2.2,8,90,70,"[[""ENM007""],[""ENM008""],[""ENM009""]]",REWARD_CH01-N09,False,0
CH01-N10,CH01,NORMAL,10,STAGE_CH01_N10,10,1.55,9,90,70,"[[""ENM003"",""ENM006""],[""ENM007"",""ENM008""],[""ENM009""]]",REWARD_CH01-N10,False,0
CH01-N11,CH01,NORMAL,11,STAGE_CH01_N11,11,1.0,9,90,70,"[[""ENM010"",""ENM005""],[""ENM011"",""ENM006"",""ENM002""]]",REWARD_CH01-N11,False,0
CH01-N12,CH01,NORMAL,12,STAGE_CH01_N12,12,1.0,9,90,70,"[[""ENM012"",""ENM007""],[""ENM003"",""ENM008""]]",REWARD_CH01-N12,False,0
CH01-N13,CH01,NORMAL,13,STAGE_CH01_N13,13,1.0,10,90,70,"[[""ENM004"",""ENM010"",""ENM001""],[""ENM009""]]",REWARD_CH01-N13,False,0
CH01-N14,CH01,NORMAL,14,STAGE_CH01_N14,14,1.0,10,90,70,"[[""ENM011"",""ENM006""],[""ENM007"",""ENM005""]]",REWARD_CH01-N14,False,0
CH01-N15,CH01,NORMAL,15,STAGE_CH01_N15,15,1.0,10,90,70,"[[""ENM003"",""ENM012""],[""ENM008"",""ENM002"",""ENM010""]]",REWARD_CH01-N15,False,0
CH01-N16,CH01,NORMAL,16,STAGE_CH01_N16,16,1.0,11,90,70,"[[""ENM001"",""ENM004""],[""ENM007"",""ENM009""]]",REWARD_CH01-N16,False,0
CH01-N17,CH01,NORMAL,17,STAGE_CH01_N17,17,1.0,11,90,70,"[[""ENM005"",""ENM011""],[""ENM008"",""ENM012""]]",REWARD_CH01-N17,False,0
CH01-N18,CH01,NORMAL,18,STAGE_CH01_N18,18,1.0,11,90,70,"[[""ENM006"",""ENM010"",""ENM003""],[""ENM009"",""ENM007""]]",REWARD_CH01-N18,False,0
CH01-N19,CH01,NORMAL,19,STAGE_CH01_N19,19,1.0,12,90,70,"[[""ENM002"",""ENM011""],[""ENM008"",""ENM004""],[""ENM009""]]",REWARD_CH01-N19,False,0
CH01-N20,CH01,NORMAL,20,STAGE_CH01_N20,20,1.0,12,90,70,"[[""ENM003"",""ENM006""],[""ENM007"",""ENM008""],[""BOSS001""]]",REWARD_CH01-N20,True,0
CH01-H01,CH01,HARD,1,STAGE_CH01_H01,12,2.0,12,90,70,"[[""ENM007"",""ENM002""],[""ENM009""]]",REWARD_CH01-H01,False,3
CH01-H02,CH01,HARD,2,STAGE_CH01_H02,14,1.85,12,90,70,"[[""ENM008"",""ENM006""],[""ENM007"",""ENM008""]]",REWARD_CH01-H02,False,3
CH01-H03,CH01,HARD,3,STAGE_CH01_H03,16,1.5,12,90,70,"[[""ENM009""],[""ENM007"",""ENM008""]]",REWARD_CH01-H03,False,3
CH01-H04,CH01,HARD,4,STAGE_CH01_H04,18,1.7,13,90,70,"[[""ENM007"",""ENM009""],[""ENM008"",""ENM009""]]",REWARD_CH01-H04,False,3
CH01-H05,CH01,HARD,5,STAGE_CH01_H05,20,1.357,13,90,70,"[[""ENM007"",""ENM008""],[""ENM009"",""ENM009""],[""ENM012""],[""BOSS002""]]",REWARD_CH01-H05,True,3
CH02-N01,CH02,NORMAL,1,STAGE_CH02_N01,22,1.0,10,95,74,"[[""ENM013"",""ENM001""],[""ENM014"",""ENM002""]]",REWARD_CH02-N01,False,0
CH02-N02,CH02,NORMAL,2,STAGE_CH02_N02,24,1.0,10,95,74,"[[""ENM013"",""ENM003""],[""ENM015"",""ENM007""]]",REWARD_CH02-N02,False,0
CH02-N03,CH02,NORMAL,3,STAGE_CH02_N03,26,1.0,11,95,74,"[[""ENM014"",""ENM015""],[""ENM013"",""ENM006""]]",REWARD_CH02-N03,False,0
CH02-N04,CH02,NORMAL,4,STAGE_CH02_N04,28,1.0,11,95,74,"[[""ENM014"",""ENM002""],[""ENM013"",""ENM008""]]",REWARD_CH02-N04,False,0
CH02-N05,CH02,NORMAL,5,STAGE_CH02_N05,30,1.0,12,95,74,"[[""ENM015"",""ENM003""],[""ENM014"",""ENM007""]]",REWARD_CH02-N05,False,0
CH02-N06,CH02,NORMAL,6,STAGE_CH02_N06,32,1.0,12,95,74,"[[""ENM013"",""ENM015""],[""ENM014"",""ENM009""]]",REWARD_CH02-N06,False,0
CH02-N07,CH02,NORMAL,7,STAGE_CH02_N07,34,1.0,13,95,74,"[[""ENM014"",""ENM003""],[""ENM013"",""ENM007""]]",REWARD_CH02-N07,False,0
CH02-N08,CH02,NORMAL,8,STAGE_CH02_N08,36,1.0,13,95,74,"[[""ENM015"",""ENM006""],[""ENM014"",""ENM008""]]",REWARD_CH02-N08,False,0
CH02-N09,CH02,NORMAL,9,STAGE_CH02_N09,38,1.0,14,95,74,"[[""ENM013"",""ENM014""],[""ENM015"",""ENM007"",""ENM009""]]",REWARD_CH02-N09,False,0
CH02-N10,CH02,NORMAL,10,STAGE_CH02_N10,40,1.0,14,95,74,"[[""ENM013"",""ENM015""],[""ENM014"",""ENM008""],[""ENM009""]]",REWARD_CH02-N10,False,0
CH02-N11,CH02,NORMAL,11,STAGE_CH02_N11,42,1.0,15,95,74,"[[""ENM014"",""ENM001""],[""ENM015"",""ENM007"",""ENM013""]]",REWARD_CH02-N11,False,0
CH02-N12,CH02,NORMAL,12,STAGE_CH02_N12,44,1.0,15,95,74,"[[""ENM013"",""ENM008""],[""ENM014"",""ENM009""]]",REWARD_CH02-N12,False,0
CH02-N13,CH02,NORMAL,13,STAGE_CH02_N13,46,1.0,16,95,74,"[[""ENM015"",""ENM003""],[""ENM013"",""ENM006"",""ENM014""]]",REWARD_CH02-N13,False,0
CH02-N14,CH02,NORMAL,14,STAGE_CH02_N14,48,1.0,16,95,74,"[[""ENM014"",""ENM007""],[""ENM015"",""ENM008""]]",REWARD_CH02-N14,False,0
CH02-N15,CH02,NORMAL,15,STAGE_CH02_N15,50,1.0,17,95,74,"[[""ENM013"",""ENM009""],[""ENM014"",""ENM002"",""ENM015""]]",REWARD_CH02-N15,False,0
CH02-N16,CH02,NORMAL,16,STAGE_CH02_N16,52,1.0,17,95,74,"[[""ENM015"",""ENM006""],[""ENM013"",""ENM007""]]",REWARD_CH02-N16,False,0
CH02-N17,CH02,NORMAL,17,STAGE_CH02_N17,54,1.0,18,95,74,"[[""ENM014"",""ENM008""],[""ENM015"",""ENM009""]]",REWARD_CH02-N17,False,0
CH02-N18,CH02,NORMAL,18,STAGE_CH02_N18,56,1.0,18,95,74,"[[""ENM013"",""ENM014"",""ENM007""],[""ENM015"",""ENM008""]]",REWARD_CH02-N18,False,0
CH02-N19,CH02,NORMAL,19,STAGE_CH02_N19,58,1.0,19,95,74,"[[""ENM014"",""ENM015""],[""ENM013"",""ENM009"",""ENM007""]]",REWARD_CH02-N19,False,0
CH02-N20,CH02,NORMAL,20,STAGE_CH02_N20,60,1.134,19,95,74,"[[""ENM015"",""ENM008""],[""ENM014"",""ENM013""],[""BOSS004""]]",REWARD_CH02-N20,True,0
CH02-H01,CH02,HARD,1,STAGE_CH02_H01,32,1.0,16,95,74,"[[""ENM013"",""ENM007""],[""ENM015"",""ENM009""]]",REWARD_CH02-H01,False,3
CH02-H02,CH02,HARD,2,STAGE_CH02_H02,34,1.0,16,95,74,"[[""ENM014"",""ENM008""],[""ENM013"",""ENM009""]]",REWARD_CH02-H02,False,3
CH02-H03,CH02,HARD,3,STAGE_CH02_H03,36,1.0,17,95,74,"[[""ENM015"",""ENM007""],[""ENM014"",""ENM008""]]",REWARD_CH02-H03,False,3
CH02-H04,CH02,HARD,4,STAGE_CH02_H04,38,1.0,17,95,74,"[[""ENM013"",""ENM014""],[""ENM007"",""ENM009""]]",REWARD_CH02-H04,False,3
CH02-H05,CH02,HARD,5,STAGE_CH02_H05,40,1.116,18,95,74,"[[""ENM015"",""ENM008""],[""ENM013"",""ENM014""],[""ENM009""],[""BOSS005""]]",REWARD_CH02-H05,True,3
CH03-N01,CH03,NORMAL,1,STAGE_CH03_N01,48,1.0,11,103,81,"[[""ENM006"",""ENM017""],[""ENM003"",""ENM018""]]",REWARD_CH03-N01,False,0
CH03-N02,CH03,NORMAL,2,STAGE_CH03_N02,50,1.0,11,103,81,"[[""ENM008"",""ENM018""],[""ENM008"",""ENM016""]]",REWARD_CH03-N02,False,0
CH03-N03,CH03,NORMAL,3,STAGE_CH03_N03,52,1.0,11,103,81,"[[""ENM013"",""ENM016""],[""ENM001"",""ENM017""]]",REWARD_CH03-N03,False,0
CH03-N04,CH03,NORMAL,4,STAGE_CH03_N04,54,1.0,12,103,81,"[[""ENM015"",""ENM017""],[""ENM006"",""ENM018""],[""ENM007""]]",REWARD_CH03-N04,False,0
CH03-N05,CH03,NORMAL,5,STAGE_CH03_N05,56,1.0,12,103,81,"[[""ENM002"",""ENM018""],[""ENM014"",""ENM016""]]",REWARD_CH03-N05,False,0
CH03-N06,CH03,NORMAL,6,STAGE_CH03_N06,58,1.0,12,103,81,"[[""ENM004"",""ENM016""],[""ENM004"",""ENM017""]]",REWARD_CH03-N06,False,0
CH03-N07,CH03,NORMAL,7,STAGE_CH03_N07,60,1.0,12,103,81,"[[""ENM006"",""ENM017""],[""ENM009"",""ENM018""]]",REWARD_CH03-N07,False,0
CH03-N08,CH03,NORMAL,8,STAGE_CH03_N08,62,1.0,13,103,81,"[[""ENM008"",""ENM018""],[""ENM002"",""ENM016""],[""ENM009""]]",REWARD_CH03-N08,False,0
CH03-N09,CH03,NORMAL,9,STAGE_CH03_N09,64,1.0,13,103,81,"[[""ENM013"",""ENM016""],[""ENM007"",""ENM017""]]",REWARD_CH03-N09,False,0
CH03-N10,CH03,NORMAL,10,STAGE_CH03_N10,66,1.0,13,103,81,"[[""ENM015"",""ENM017""],[""ENM015"",""ENM018""]]",REWARD_CH03-N10,False,0
CH03-N11,CH03,NORMAL,11,STAGE_CH03_N11,68,1.0,13,103,81,"[[""ENM002"",""ENM018""],[""ENM005"",""ENM016""]]",REWARD_CH03-N11,False,0
CH03-N12,CH03,NORMAL,12,STAGE_CH03_N12,70,1.0,14,103,81,"[[""ENM004"",""ENM016""],[""ENM013"",""ENM017""],[""ENM007""]]",REWARD_CH03-N12,False,0
CH03-N13,CH03,NORMAL,13,STAGE_CH03_N13,72,1.0,14,103,81,"[[""ENM006"",""ENM017""],[""ENM003"",""ENM018""]]",REWARD_CH03-N13,False,0
CH03-N14,CH03,NORMAL,14,STAGE_CH03_N14,74,1.0,14,103,81,"[[""ENM008"",""ENM018""],[""ENM008"",""ENM016""]]",REWARD_CH03-N14,False,0
CH03-N15,CH03,NORMAL,15,STAGE_CH03_N15,76,1.0,14,103,81,"[[""ENM013"",""ENM016""],[""ENM001"",""ENM017""]]",REWARD_CH03-N15,False,0
CH03-N16,CH03,NORMAL,16,STAGE_CH03_N16,78,1.0,15,103,81,"[[""ENM015"",""ENM017""],[""ENM006"",""ENM018""],[""ENM009""]]",REWARD_CH03-N16,False,0
CH03-N17,CH03,NORMAL,17,STAGE_CH03_N17,80,1.0,15,103,81,"[[""ENM002"",""ENM018""],[""ENM014"",""ENM016""]]",REWARD_CH03-N17,False,0
CH03-N18,CH03,NORMAL,18,STAGE_CH03_N18,82,1.0,15,103,81,"[[""ENM004"",""ENM016""],[""ENM004"",""ENM017""]]",REWARD_CH03-N18,False,0
CH03-N19,CH03,NORMAL,19,STAGE_CH03_N19,84,1.0,15,103,81,"[[""ENM006"",""ENM017""],[""ENM009"",""ENM018""]]",REWARD_CH03-N19,False,0
CH03-N20,CH03,NORMAL,20,STAGE_CH03_N20,86,1.063,16,103,81,"[[""ENM008"",""ENM018""],[""ENM002"",""ENM016""],[""ENM007""],[""BOSS006""]]",REWARD_CH03-N20,True,0
CH03-H01,CH03,HARD,1,STAGE_CH03_H01,56,1.0,15,103,81,"[[""ENM006"",""ENM018""],[""ENM003"",""ENM018""]]",REWARD_CH03-H01,False,3
CH03-H02,CH03,HARD,2,STAGE_CH03_H02,58,1.0,15,103,81,"[[""ENM008"",""ENM016""],[""ENM008"",""ENM016""]]",REWARD_CH03-H02,False,3
CH03-H03,CH03,HARD,3,STAGE_CH03_H03,60,1.0,15,103,81,"[[""ENM013"",""ENM017""],[""ENM001"",""ENM017""]]",REWARD_CH03-H03,False,3
CH03-H04,CH03,HARD,4,STAGE_CH03_H04,62,1.0,16,103,81,"[[""ENM015"",""ENM018""],[""ENM006"",""ENM018""],[""ENM007""]]",REWARD_CH03-H04,False,3
CH03-H05,CH03,HARD,5,STAGE_CH03_H05,64,1.22,16,103,81,"[[""ENM002"",""ENM016""],[""ENM014"",""ENM016""],[""BOSS003""]]",REWARD_CH03-H05,True,3
CH04-N01,CH04,NORMAL,1,STAGE_CH04_N01,60,1.0,12,104,82,"[[""ENM007"",""ENM017""],[""ENM006"",""ENM018""]]",REWARD_CH04-N01,False,0
CH04-N02,CH04,NORMAL,2,STAGE_CH04_N02,62,1.0,12,104,82,"[[""ENM009"",""ENM018""],[""ENM017"",""ENM016""]]",REWARD_CH04-N02,False,0
CH04-N03,CH04,NORMAL,3,STAGE_CH04_N03,64,1.0,12,104,82,"[[""ENM017"",""ENM016""],[""ENM004"",""ENM017""]]",REWARD_CH04-N03,False,0
CH04-N04,CH04,NORMAL,4,STAGE_CH04_N04,66,1.0,13,104,82,"[[""ENM001"",""ENM017""],[""ENM009"",""ENM018""],[""ENM007""]]",REWARD_CH04-N04,False,0
CH04-N05,CH04,NORMAL,5,STAGE_CH04_N05,68,1.0,13,104,82,"[[""ENM003"",""ENM018""],[""ENM002"",""ENM016""]]",REWARD_CH04-N05,False,0
CH04-N06,CH04,NORMAL,6,STAGE_CH04_N06,70,1.0,13,104,82,"[[""ENM005"",""ENM016""],[""ENM007"",""ENM017""]]",REWARD_CH04-N06,False,0
CH04-N07,CH04,NORMAL,7,STAGE_CH04_N07,72,1.0,13,104,82,"[[""ENM007"",""ENM017""],[""ENM018"",""ENM018""]]",REWARD_CH04-N07,False,0
CH04-N08,CH04,NORMAL,8,STAGE_CH04_N08,74,1.0,14,104,82,"[[""ENM009"",""ENM018""],[""ENM005"",""ENM016""],[""ENM009""]]",REWARD_CH04-N08,False,0
CH04-N09,CH04,NORMAL,9,STAGE_CH04_N09,76,1.0,14,104,82,"[[""ENM017"",""ENM016""],[""ENM016"",""ENM017""]]",REWARD_CH04-N09,False,0
CH04-N10,CH04,NORMAL,10,STAGE_CH04_N10,78,1.0,14,104,82,"[[""ENM001"",""ENM017""],[""ENM003"",""ENM018""]]",REWARD_CH04-N10,False,0
CH04-N11,CH04,NORMAL,11,STAGE_CH04_N11,80,1.0,14,104,82,"[[""ENM003"",""ENM018""],[""ENM008"",""ENM016""]]",REWARD_CH04-N11,False,0
CH04-N12,CH04,NORMAL,12,STAGE_CH04_N12,82,1.0,15,104,82,"[[""ENM005"",""ENM016""],[""ENM001"",""ENM017""],[""ENM007""]]",REWARD_CH04-N12,False,0
CH04-N13,CH04,NORMAL,13,STAGE_CH04_N13,84,1.0,15,104,82,"[[""ENM007"",""ENM017""],[""ENM006"",""ENM018""]]",REWARD_CH04-N13,False,0
CH04-N14,CH04,NORMAL,14,STAGE_CH04_N14,86,1.0,15,104,82,"[[""ENM009"",""ENM018""],[""ENM017"",""ENM016""]]",REWARD_CH04-N14,False,0
CH04-N15,CH04,NORMAL,15,STAGE_CH04_N15,88,1.0,15,104,82,"[[""ENM017"",""ENM016""],[""ENM004"",""ENM017""]]",REWARD_CH04-N15,False,0
CH04-N16,CH04,NORMAL,16,STAGE_CH04_N16,90,1.0,16,104,82,"[[""ENM001"",""ENM017""],[""ENM009"",""ENM018""],[""ENM009""]]",REWARD_CH04-N16,False,0
CH04-N17,CH04,NORMAL,17,STAGE_CH04_N17,92,1.0,16,104,82,"[[""ENM003"",""ENM018""],[""ENM002"",""ENM016""]]",REWARD_CH04-N17,False,0
CH04-N18,CH04,NORMAL,18,STAGE_CH04_N18,94,1.0,16,104,82,"[[""ENM005"",""ENM016""],[""ENM007"",""ENM017""]]",REWARD_CH04-N18,False,0
CH04-N19,CH04,NORMAL,19,STAGE_CH04_N19,96,1.0,16,104,82,"[[""ENM007"",""ENM017""],[""ENM018"",""ENM018""]]",REWARD_CH04-N19,False,0
CH04-N20,CH04,NORMAL,20,STAGE_CH04_N20,98,1.004,17,104,82,"[[""ENM009"",""ENM018""],[""ENM005"",""ENM016""],[""ENM007""],[""BOSS007""]]",REWARD_CH04-N20,True,0
CH04-H01,CH04,HARD,1,STAGE_CH04_H01,68,1.0,16,104,82,"[[""ENM007"",""ENM018""],[""ENM006"",""ENM018""]]",REWARD_CH04-H01,False,3
CH04-H02,CH04,HARD,2,STAGE_CH04_H02,70,1.0,16,104,82,"[[""ENM009"",""ENM016""],[""ENM017"",""ENM016""]]",REWARD_CH04-H02,False,3
CH04-H03,CH04,HARD,3,STAGE_CH04_H03,72,1.0,16,104,82,"[[""ENM017"",""ENM017""],[""ENM004"",""ENM017""]]",REWARD_CH04-H03,False,3
CH04-H04,CH04,HARD,4,STAGE_CH04_H04,74,1.0,17,104,82,"[[""ENM001"",""ENM018""],[""ENM009"",""ENM018""],[""ENM007""]]",REWARD_CH04-H04,False,3
CH04-H05,CH04,HARD,5,STAGE_CH04_H05,76,1.25,17,104,82,"[[""ENM003"",""ENM016""],[""ENM002"",""ENM016""],[""ENM018""]]",REWARD_CH04-H05,False,3
CH05-N01,CH05,NORMAL,1,STAGE_CH05_N01,72,1.0,12,105,83,"[[""ENM008"",""ENM020""],[""ENM009"",""ENM021""]]",REWARD_CH05-N01,False,0
CH05-N02,CH05,NORMAL,2,STAGE_CH05_N02,74,1.0,12,105,83,"[[""ENM016"",""ENM021""],[""ENM002"",""ENM019""]]",REWARD_CH05-N02,False,0
CH05-N03,CH05,NORMAL,3,STAGE_CH05_N03,76,1.0,12,105,83,"[[""ENM018"",""ENM019""],[""ENM007"",""ENM020""]]",REWARD_CH05-N03,False,0
CH05-N04,CH05,NORMAL,4,STAGE_CH05_N04,78,1.0,13,105,83,"[[""ENM002"",""ENM020""],[""ENM018"",""ENM021""],[""ENM007""]]",REWARD_CH05-N04,False,0
CH05-N05,CH05,NORMAL,5,STAGE_CH05_N05,80,1.0,13,105,83,"[[""ENM004"",""ENM021""],[""ENM005"",""ENM019""]]",REWARD_CH05-N05,False,0
CH05-N06,CH05,NORMAL,6,STAGE_CH05_N06,82,1.0,13,105,83,"[[""ENM006"",""ENM019""],[""ENM016"",""ENM020""]]",REWARD_CH05-N06,False,0
CH05-N07,CH05,NORMAL,7,STAGE_CH05_N07,84,1.0,13,105,83,"[[""ENM008"",""ENM020""],[""ENM003"",""ENM021""]]",REWARD_CH05-N07,False,0
CH05-N08,CH05,NORMAL,8,STAGE_CH05_N08,86,1.0,14,105,83,"[[""ENM016"",""ENM021""],[""ENM008"",""ENM019""],[""ENM009""]]",REWARD_CH05-N08,False,0
CH05-N09,CH05,NORMAL,9,STAGE_CH05_N09,88,1.0,14,105,83,"[[""ENM018"",""ENM019""],[""ENM001"",""ENM020""]]",REWARD_CH05-N09,False,0
CH05-N10,CH05,NORMAL,10,STAGE_CH05_N10,90,1.0,14,105,83,"[[""ENM002"",""ENM020""],[""ENM006"",""ENM021""]]",REWARD_CH05-N10,False,0
CH05-N11,CH05,NORMAL,11,STAGE_CH05_N11,92,1.0,14,105,83,"[[""ENM004"",""ENM021""],[""ENM017"",""ENM019""]]",REWARD_CH05-N11,False,0
CH05-N12,CH05,NORMAL,12,STAGE_CH05_N12,94,1.0,15,105,83,"[[""ENM006"",""ENM019""],[""ENM004"",""ENM020""],[""ENM007""]]",REWARD_CH05-N12,False,0
CH05-N13,CH05,NORMAL,13,STAGE_CH05_N13,96,1.0,15,105,83,"[[""ENM008"",""ENM020""],[""ENM009"",""ENM021""]]",REWARD_CH05-N13,False,0
CH05-N14,CH05,NORMAL,14,STAGE_CH05_N14,98,1.0,15,105,83,"[[""ENM016"",""ENM021""],[""ENM002"",""ENM019""]]",REWARD_CH05-N14,False,0
CH05-N15,CH05,NORMAL,15,STAGE_CH05_N15,100,1.0,15,105,83,"[[""ENM018"",""ENM019""],[""ENM007"",""ENM020""]]",REWARD_CH05-N15,False,0
CH05-N16,CH05,NORMAL,16,STAGE_CH05_N16,100,1.024,16,105,83,"[[""ENM002"",""ENM020""],[""ENM018"",""ENM021""],[""ENM009""]]",REWARD_CH05-N16,False,0
CH05-N17,CH05,NORMAL,17,STAGE_CH05_N17,100,1.048,16,105,83,"[[""ENM004"",""ENM021""],[""ENM005"",""ENM019""]]",REWARD_CH05-N17,False,0
CH05-N18,CH05,NORMAL,18,STAGE_CH05_N18,100,1.072,16,105,83,"[[""ENM006"",""ENM019""],[""ENM016"",""ENM020""]]",REWARD_CH05-N18,False,0
CH05-N19,CH05,NORMAL,19,STAGE_CH05_N19,100,1.096,16,105,83,"[[""ENM008"",""ENM020""],[""ENM003"",""ENM021""]]",REWARD_CH05-N19,False,0
CH05-N20,CH05,NORMAL,20,STAGE_CH05_N20,100,0.925,17,105,83,"[[""ENM016"",""ENM021""],[""ENM008"",""ENM019""],[""ENM007""],[""BOSS008""]]",REWARD_CH05-N20,True,0
CH05-H01,CH05,HARD,1,STAGE_CH05_H01,80,1.0,16,105,83,"[[""ENM008"",""ENM021""],[""ENM009"",""ENM021""]]",REWARD_CH05-H01,False,3
CH05-H02,CH05,HARD,2,STAGE_CH05_H02,82,1.0,16,105,83,"[[""ENM016"",""ENM019""],[""ENM002"",""ENM019""]]",REWARD_CH05-H02,False,3
CH05-H03,CH05,HARD,3,STAGE_CH05_H03,84,1.0,16,105,83,"[[""ENM018"",""ENM020""],[""ENM007"",""ENM020""]]",REWARD_CH05-H03,False,3
CH05-H04,CH05,HARD,4,STAGE_CH05_H04,86,1.0,17,105,83,"[[""ENM002"",""ENM021""],[""ENM018"",""ENM021""],[""ENM007""]]",REWARD_CH05-H04,False,3
CH05-H05,CH05,HARD,5,STAGE_CH05_H05,88,1.25,17,105,83,"[[""ENM004"",""ENM019""],[""ENM005"",""ENM019""],[""ENM021""]]",REWARD_CH05-H05,False,3
CH06-N01,CH06,NORMAL,1,STAGE_CH06_N01,84,1.0,13,106,84,"[[""ENM009"",""ENM020""],[""ENM021"",""ENM021""]]",REWARD_CH06-N01,False,0
CH06-N02,CH06,NORMAL,2,STAGE_CH06_N02,86,1.0,13,106,84,"[[""ENM020"",""ENM021""],[""ENM005"",""ENM019""]]",REWARD_CH06-N02,False,0
CH06-N03,CH06,NORMAL,3,STAGE_CH06_N03,88,1.0,13,106,84,"[[""ENM001"",""ENM019""],[""ENM019"",""ENM020""]]",REWARD_CH06-N03,False,0
CH06-N04,CH06,NORMAL,4,STAGE_CH06_N04,90,1.0,14,106,84,"[[""ENM003"",""ENM020""],[""ENM003"",""ENM021""],[""ENM007""]]",REWARD_CH06-N04,False,0
CH06-N05,CH06,NORMAL,5,STAGE_CH06_N05,92,1.0,14,106,84,"[[""ENM005"",""ENM021""],[""ENM008"",""ENM019""]]",REWARD_CH06-N05,False,0
CH06-N06,CH06,NORMAL,6,STAGE_CH06_N06,94,1.0,14,106,84,"[[""ENM007"",""ENM019""],[""ENM001"",""ENM020""]]",REWARD_CH06-N06,False,0
CH06-N07,CH06,NORMAL,7,STAGE_CH06_N07,96,1.0,14,106,84,"[[""ENM009"",""ENM020""],[""ENM006"",""ENM021""]]",REWARD_CH06-N07,False,0
CH06-N08,CH06,NORMAL,8,STAGE_CH06_N08,98,1.0,15,106,84,"[[""ENM020"",""ENM021""],[""ENM020"",""ENM019""],[""ENM009""]]",REWARD_CH06-N08,False,0
CH06-N09,CH06,NORMAL,9,STAGE_CH06_N09,100,1.0,15,106,84,"[[""ENM001"",""ENM019""],[""ENM004"",""ENM020""]]",REWARD_CH06-N09,False,0
CH06-N10,CH06,NORMAL,10,STAGE_CH06_N10,100,1.024,15,106,84,"[[""ENM003"",""ENM020""],[""ENM009"",""ENM021""]]",REWARD_CH06-N10,False,0
CH06-N11,CH06,NORMAL,11,STAGE_CH06_N11,100,1.048,15,106,84,"[[""ENM005"",""ENM021""],[""ENM002"",""ENM019""]]",REWARD_CH06-N11,False,0
CH06-N12,CH06,NORMAL,12,STAGE_CH06_N12,100,1.072,16,106,84,"[[""ENM007"",""ENM019""],[""ENM007"",""ENM020""],[""ENM007""]]",REWARD_CH06-N12,False,0
CH06-N13,CH06,NORMAL,13,STAGE_CH06_N13,100,1.096,16,106,84,"[[""ENM009"",""ENM020""],[""ENM021"",""ENM021""]]",REWARD_CH06-N13,False,0
CH06-N14,CH06,NORMAL,14,STAGE_CH06_N14,100,1.12,16,106,84,"[[""ENM020"",""ENM021""],[""ENM005"",""ENM019""]]",REWARD_CH06-N14,False,0
CH06-N15,CH06,NORMAL,15,STAGE_CH06_N15,100,1.144,16,106,84,"[[""ENM001"",""ENM019""],[""ENM019"",""ENM020""]]",REWARD_CH06-N15,False,0
CH06-N16,CH06,NORMAL,16,STAGE_CH06_N16,100,1.168,17,106,84,"[[""ENM003"",""ENM020""],[""ENM003"",""ENM021""],[""ENM009""]]",REWARD_CH06-N16,False,0
CH06-N17,CH06,NORMAL,17,STAGE_CH06_N17,100,1.192,17,106,84,"[[""ENM005"",""ENM021""],[""ENM008"",""ENM019""]]",REWARD_CH06-N17,False,0
CH06-N18,CH06,NORMAL,18,STAGE_CH06_N18,100,1.216,17,106,84,"[[""ENM007"",""ENM019""],[""ENM001"",""ENM020""]]",REWARD_CH06-N18,False,0
CH06-N19,CH06,NORMAL,19,STAGE_CH06_N19,100,1.24,17,106,84,"[[""ENM009"",""ENM020""],[""ENM006"",""ENM021""]]",REWARD_CH06-N19,False,0
CH06-N20,CH06,NORMAL,20,STAGE_CH06_N20,100,0.902,18,106,84,"[[""ENM020"",""ENM021""],[""ENM020"",""ENM019""],[""ENM007""],[""BOSS009""]]",REWARD_CH06-N20,True,0
CH06-H01,CH06,HARD,1,STAGE_CH06_H01,92,1.0,17,106,84,"[[""ENM009"",""ENM021""],[""ENM021"",""ENM021""]]",REWARD_CH06-H01,False,3
CH06-H02,CH06,HARD,2,STAGE_CH06_H02,94,1.0,17,106,84,"[[""ENM020"",""ENM019""],[""ENM005"",""ENM019""]]",REWARD_CH06-H02,False,3
CH06-H03,CH06,HARD,3,STAGE_CH06_H03,96,1.0,17,106,84,"[[""ENM001"",""ENM020""],[""ENM019"",""ENM020""]]",REWARD_CH06-H03,False,3
CH06-H04,CH06,HARD,4,STAGE_CH06_H04,98,1.0,18,106,84,"[[""ENM003"",""ENM021""],[""ENM003"",""ENM021""],[""ENM007""]]",REWARD_CH06-H04,False,3
CH06-H05,CH06,HARD,5,STAGE_CH06_H05,100,1.25,18,106,84,"[[""ENM005"",""ENM019""],[""ENM008"",""ENM019""],[""ENM021""]]",REWARD_CH06-H05,False,3
CH07-N01,CH07,NORMAL,1,STAGE_CH07_N01,96,1.0,13,107,85,"[[""ENM019"",""ENM023""],[""ENM003"",""ENM024""]]",REWARD_CH07-N01,False,0
CH07-N02,CH07,NORMAL,2,STAGE_CH07_N02,98,1.0,13,107,85,"[[""ENM021"",""ENM024""],[""ENM008"",""ENM022""]]",REWARD_CH07-N02,False,0
CH07-N03,CH07,NORMAL,3,STAGE_CH07_N03,100,1.0,13,107,85,"[[""ENM002"",""ENM022""],[""ENM001"",""ENM023""]]",REWARD_CH07-N03,False,0
CH07-N04,CH07,NORMAL,4,STAGE_CH07_N04,100,1.024,14,107,85,"[[""ENM004"",""ENM023""],[""ENM006"",""ENM024""],[""ENM007""]]",REWARD_CH07-N04,False,0
CH07-N05,CH07,NORMAL,5,STAGE_CH07_N05,100,1.048,14,107,85,"[[""ENM006"",""ENM024""],[""ENM020"",""ENM022""]]",REWARD_CH07-N05,False,0
CH07-N06,CH07,NORMAL,6,STAGE_CH07_N06,100,1.072,14,107,85,"[[""ENM008"",""ENM022""],[""ENM004"",""ENM023""]]",REWARD_CH07-N06,False,0
CH07-N07,CH07,NORMAL,7,STAGE_CH07_N07,100,1.096,14,107,85,"[[""ENM019"",""ENM023""],[""ENM009"",""ENM024""]]",REWARD_CH07-N07,False,0
CH07-N08,CH07,NORMAL,8,STAGE_CH07_N08,100,1.075,15,107,85,"[[""ENM021"",""ENM024""],[""ENM002"",""ENM022""],[""ENM009""]]",REWARD_CH07-N08,False,0
CH07-N09,CH07,NORMAL,9,STAGE_CH07_N09,100,1.144,15,107,85,"[[""ENM002"",""ENM022""],[""ENM007"",""ENM023""]]",REWARD_CH07-N09,False,0
CH07-N10,CH07,NORMAL,10,STAGE_CH07_N10,100,1.06,15,107,85,"[[""ENM004"",""ENM023""],[""ENM021"",""ENM024""]]",REWARD_CH07-N10,False,0
CH07-N11,CH07,NORMAL,11,STAGE_CH07_N11,100,1.192,15,107,85,"[[""ENM006"",""ENM024""],[""ENM005"",""ENM022""]]",REWARD_CH07-N11,False,0
CH07-N12,CH07,NORMAL,12,STAGE_CH07_N12,100,1.216,16,107,85,"[[""ENM008"",""ENM022""],[""ENM019"",""ENM023""],[""ENM007""]]",REWARD_CH07-N12,False,0
CH07-N13,CH07,NORMAL,13,STAGE_CH07_N13,100,1.24,16,107,85,"[[""ENM019"",""ENM023""],[""ENM003"",""ENM024""]]",REWARD_CH07-N13,False,0
CH07-N14,CH07,NORMAL,14,STAGE_CH07_N14,100,1.057,16,107,85,"[[""ENM021"",""ENM024""],[""ENM008"",""ENM022""]]",REWARD_CH07-N14,False,0
CH07-N15,CH07,NORMAL,15,STAGE_CH07_N15,100,1.288,16,107,85,"[[""ENM002"",""ENM022""],[""ENM001"",""ENM023""]]",REWARD_CH07-N15,False,0
CH07-N16,CH07,NORMAL,16,STAGE_CH07_N16,100,1.312,17,107,85,"[[""ENM004"",""ENM023""],[""ENM006"",""ENM024""],[""ENM009""]]",REWARD_CH07-N16,False,0
CH07-N17,CH07,NORMAL,17,STAGE_CH07_N17,100,1.336,17,107,85,"[[""ENM006"",""ENM024""],[""ENM020"",""ENM022""]]",REWARD_CH07-N17,False,0
CH07-N18,CH07,NORMAL,18,STAGE_CH07_N18,100,1.36,17,107,85,"[[""ENM008"",""ENM022""],[""ENM004"",""ENM023""]]",REWARD_CH07-N18,False,0
CH07-N19,CH07,NORMAL,19,STAGE_CH07_N19,100,1.245,17,107,85,"[[""ENM019"",""ENM023""],[""ENM009"",""ENM024""]]",REWARD_CH07-N19,False,0
CH07-N20,CH07,NORMAL,20,STAGE_CH07_N20,100,0.84,18,107,85,"[[""ENM021"",""ENM024""],[""ENM002"",""ENM022""],[""ENM007""],[""BOSS010""]]",REWARD_CH07-N20,True,0
CH07-H01,CH07,HARD,1,STAGE_CH07_H01,100,1.048,17,107,85,"[[""ENM019"",""ENM024""],[""ENM003"",""ENM024""]]",REWARD_CH07-H01,False,3
CH07-H02,CH07,HARD,2,STAGE_CH07_H02,100,1.072,17,107,85,"[[""ENM021"",""ENM022""],[""ENM008"",""ENM022""]]",REWARD_CH07-H02,False,3
CH07-H03,CH07,HARD,3,STAGE_CH07_H03,100,1.096,17,107,85,"[[""ENM002"",""ENM023""],[""ENM001"",""ENM023""]]",REWARD_CH07-H03,False,3
CH07-H04,CH07,HARD,4,STAGE_CH07_H04,100,1.12,18,107,85,"[[""ENM004"",""ENM024""],[""ENM006"",""ENM024""],[""ENM007""]]",REWARD_CH07-H04,False,3
CH07-H05,CH07,HARD,5,STAGE_CH07_H05,100,1.373,18,107,85,"[[""ENM006"",""ENM022""],[""ENM020"",""ENM022""],[""ENM024""]]",REWARD_CH07-H05,False,3
CH08-N01,CH08,NORMAL,1,STAGE_CH08_N01,100,1.096,14,108,86,"[[""ENM023"",""ENM023""],[""ENM006"",""ENM024""]]",REWARD_CH08-N01,False,0
CH08-N02,CH08,NORMAL,2,STAGE_CH08_N02,100,1.12,14,108,86,"[[""ENM001"",""ENM024""],[""ENM023"",""ENM022""]]",REWARD_CH08-N02,False,0
CH08-N03,CH08,NORMAL,3,STAGE_CH08_N03,100,1.144,14,108,86,"[[""ENM003"",""ENM022""],[""ENM004"",""ENM023""]]",REWARD_CH08-N03,False,0
CH08-N04,CH08,NORMAL,4,STAGE_CH08_N04,100,1.168,15,108,86,"[[""ENM005"",""ENM023""],[""ENM009"",""ENM024""],[""ENM007""]]",REWARD_CH08-N04,False,0
CH08-N05,CH08,NORMAL,5,STAGE_CH08_N05,100,1.192,15,108,86,"[[""ENM007"",""ENM024""],[""ENM002"",""ENM022""]]",REWARD_CH08-N05,False,0
CH08-N06,CH08,NORMAL,6,STAGE_CH08_N06,100,1.216,15,108,86,"[[""ENM009"",""ENM022""],[""ENM007"",""ENM023""]]",REWARD_CH08-N06,False,0
CH08-N07,CH08,NORMAL,7,STAGE_CH08_N07,100,1.054,15,108,86,"[[""ENM023"",""ENM023""],[""ENM024"",""ENM024""]]",REWARD_CH08-N07,False,0
CH08-N08,CH08,NORMAL,8,STAGE_CH08_N08,100,1.264,16,108,86,"[[""ENM001"",""ENM024""],[""ENM005"",""ENM022""],[""ENM009""]]",REWARD_CH08-N08,False,0
CH08-N09,CH08,NORMAL,9,STAGE_CH08_N09,100,1.288,16,108,86,"[[""ENM003"",""ENM022""],[""ENM022"",""ENM023""]]",REWARD_CH08-N09,False,0
CH08-N10,CH08,NORMAL,10,STAGE_CH08_N10,100,1.312,16,108,86,"[[""ENM005"",""ENM023""],[""ENM003"",""ENM024""]]",REWARD_CH08-N10,False,0
CH08-N11,CH08,NORMAL,11,STAGE_CH08_N11,100,1.252,16,108,86,"[[""ENM007"",""ENM024""],[""ENM008"",""ENM022""]]",REWARD_CH08-N11,False,0
CH08-N12,CH08,NORMAL,12,STAGE_CH08_N12,100,1.36,17,108,86,"[[""ENM009"",""ENM022""],[""ENM001"",""ENM023""],[""ENM007""]]",REWARD_CH08-N12,False,0
CH08-N13,CH08,NORMAL,13,STAGE_CH08_N13,100,1.318,17,108,86,"[[""ENM023"",""ENM023""],[""ENM006"",""ENM024""]]",REWARD_CH08-N13,False,0
CH08-N14,CH08,NORMAL,14,STAGE_CH08_N14,100,1.397,17,108,86,"[[""ENM001"",""ENM024""],[""ENM023"",""ENM022""]]",REWARD_CH08-N14,False,0
CH08-N15,CH08,NORMAL,15,STAGE_CH08_N15,100,1.432,17,108,86,"[[""ENM003"",""ENM022""],[""ENM004"",""ENM023""]]",REWARD_CH08-N15,False,0
CH08-N16,CH08,NORMAL,16,STAGE_CH08_N16,100,1.258,18,108,86,"[[""ENM005"",""ENM023""],[""ENM009"",""ENM024""],[""ENM009""]]",REWARD_CH08-N16,False,0
CH08-N17,CH08,NORMAL,17,STAGE_CH08_N17,100,1.279,18,108,86,"[[""ENM007"",""ENM024""],[""ENM002"",""ENM022""]]",REWARD_CH08-N17,False,0
CH08-N18,CH08,NORMAL,18,STAGE_CH08_N18,100,1.432,18,108,86,"[[""ENM009"",""ENM022""],[""ENM007"",""ENM023""]]",REWARD_CH08-N18,False,0
CH08-N19,CH08,NORMAL,19,STAGE_CH08_N19,100,1.06,18,108,86,"[[""ENM023"",""ENM023""],[""ENM024"",""ENM024""]]",REWARD_CH08-N19,False,0
CH08-N20,CH08,NORMAL,20,STAGE_CH08_N20,100,0.813,19,108,86,"[[""ENM001"",""ENM024""],[""ENM005"",""ENM022""],[""ENM007""],[""BOSS011""]]",REWARD_CH08-N20,True,0
CH08-H01,CH08,HARD,1,STAGE_CH08_H01,100,1.192,18,108,86,"[[""ENM023"",""ENM024""],[""ENM006"",""ENM024""]]",REWARD_CH08-H01,False,3
CH08-H02,CH08,HARD,2,STAGE_CH08_H02,100,1.216,18,108,86,"[[""ENM001"",""ENM022""],[""ENM023"",""ENM022""]]",REWARD_CH08-H02,False,3
CH08-H03,CH08,HARD,3,STAGE_CH08_H03,100,1.24,18,108,86,"[[""ENM003"",""ENM023""],[""ENM004"",""ENM023""]]",REWARD_CH08-H03,False,3
CH08-H04,CH08,HARD,4,STAGE_CH08_H04,100,1.214,19,108,86,"[[""ENM005"",""ENM024""],[""ENM009"",""ENM024""],[""ENM007""]]",REWARD_CH08-H04,False,3
CH08-H05,CH08,HARD,5,STAGE_CH08_H05,100,1.369,19,108,86,"[[""ENM007"",""ENM022""],[""ENM002"",""ENM022""],[""ENM024""]]",REWARD_CH08-H05,False,3
CH09-N01,CH09,NORMAL,1,STAGE_CH09_N01,100,1.02,14,109,87,"[[""ENM024"",""ENM026""],[""ENM009"",""ENM027""]]",REWARD_CH09-N01,False,0
CH09-N02,CH09,NORMAL,2,STAGE_CH09_N02,100,1.244,14,109,87,"[[""ENM002"",""ENM027""],[""ENM002"",""ENM025""]]",REWARD_CH09-N02,False,0
CH09-N03,CH09,NORMAL,3,STAGE_CH09_N03,100,1.288,14,109,87,"[[""ENM004"",""ENM025""],[""ENM007"",""ENM026""]]",REWARD_CH09-N03,False,0
CH09-N04,CH09,NORMAL,4,STAGE_CH09_N04,100,1.004,15,109,87,"[[""ENM006"",""ENM026""],[""ENM024"",""ENM027""],[""ENM007""]]",REWARD_CH09-N04,False,0
CH09-N05,CH09,NORMAL,5,STAGE_CH09_N05,100,1.173,15,109,87,"[[""ENM008"",""ENM027""],[""ENM005"",""ENM025""]]",REWARD_CH09-N05,False,0
CH09-N06,CH09,NORMAL,6,STAGE_CH09_N06,100,1.36,15,109,87,"[[""ENM022"",""ENM025""],[""ENM022"",""ENM026""]]",REWARD_CH09-N06,False,0
CH09-N07,CH09,NORMAL,7,STAGE_CH09_N07,100,1.067,15,109,87,"[[""ENM024"",""ENM026""],[""ENM003"",""ENM027""]]",REWARD_CH09-N07,False,0
CH09-N08,CH09,NORMAL,8,STAGE_CH09_N08,100,1.226,16,109,87,"[[""ENM002"",""ENM027""],[""ENM008"",""ENM025""],[""ENM009""]]",REWARD_CH09-N08,False,0
CH09-N09,CH09,NORMAL,9,STAGE_CH09_N09,100,1.432,16,109,87,"[[""ENM004"",""ENM025""],[""ENM001"",""ENM026""]]",REWARD_CH09-N09,False,0
CH09-N10,CH09,NORMAL,10,STAGE_CH09_N10,100,1.238,16,109,87,"[[""ENM006"",""ENM026""],[""ENM006"",""ENM027""]]",REWARD_CH09-N10,False,0
CH09-N11,CH09,NORMAL,11,STAGE_CH09_N11,100,1.189,16,109,87,"[[""ENM008"",""ENM027""],[""ENM023"",""ENM025""]]",REWARD_CH09-N11,False,0
CH09-N12,CH09,NORMAL,12,STAGE_CH09_N12,100,1.504,17,109,87,"[[""ENM022"",""ENM025""],[""ENM004"",""ENM026""],[""ENM007""]]",REWARD_CH09-N12,False,0
CH09-N13,CH09,NORMAL,13,STAGE_CH09_N13,100,1.026,17,109,87,"[[""ENM024"",""ENM026""],[""ENM009"",""ENM027""]]",REWARD_CH09-N13,False,0
CH09-N14,CH09,NORMAL,14,STAGE_CH09_N14,100,1.246,17,109,87,"[[""ENM002"",""ENM027""],[""ENM002"",""ENM025""]]",REWARD_CH09-N14,False,0
CH09-N15,CH09,NORMAL,15,STAGE_CH09_N15,100,1.576,17,109,87,"[[""ENM004"",""ENM025""],[""ENM007"",""ENM026""]]",REWARD_CH09-N15,False,0
CH09-N16,CH09,NORMAL,16,STAGE_CH09_N16,100,1.024,18,109,87,"[[""ENM006"",""ENM026""],[""ENM024"",""ENM027""],[""ENM009""]]",REWARD_CH09-N16,False,0
CH09-N17,CH09,NORMAL,17,STAGE_CH09_N17,100,1.202,18,109,87,"[[""ENM008"",""ENM027""],[""ENM005"",""ENM025""]]",REWARD_CH09-N17,False,0
CH09-N18,CH09,NORMAL,18,STAGE_CH09_N18,100,1.57,18,109,87,"[[""ENM022"",""ENM025""],[""ENM022"",""ENM026""]]",REWARD_CH09-N18,False,0
CH09-N19,CH09,NORMAL,19,STAGE_CH09_N19,100,1.07,18,109,87,"[[""ENM024"",""ENM026""],[""ENM003"",""ENM027""]]",REWARD_CH09-N19,False,0
CH09-N20,CH09,NORMAL,20,STAGE_CH09_N20,100,0.793,19,109,87,"[[""ENM002"",""ENM027""],[""ENM008"",""ENM025""],[""ENM007""],[""BOSS012""]]",REWARD_CH09-N20,True,0
CH09-H01,CH09,HARD,1,STAGE_CH09_H01,100,0.997,18,109,87,"[[""ENM024"",""ENM027""],[""ENM009"",""ENM027""]]",REWARD_CH09-H01,False,3
CH09-H02,CH09,HARD,2,STAGE_CH09_H02,100,1.36,18,109,87,"[[""ENM002"",""ENM025""],[""ENM002"",""ENM025""]]",REWARD_CH09-H02,False,3
CH09-H03,CH09,HARD,3,STAGE_CH09_H03,100,1.384,18,109,87,"[[""ENM004"",""ENM026""],[""ENM007"",""ENM026""]]",REWARD_CH09-H03,False,3
CH09-H04,CH09,HARD,4,STAGE_CH09_H04,100,1.017,19,109,87,"[[""ENM006"",""ENM027""],[""ENM024"",""ENM027""],[""ENM007""]]",REWARD_CH09-H04,False,3
CH09-H05,CH09,HARD,5,STAGE_CH09_H05,100,1.273,19,109,87,"[[""ENM008"",""ENM025""],[""ENM005"",""ENM025""],[""ENM027""]]",REWARD_CH09-H05,False,3
CH10-N01,CH10,NORMAL,1,STAGE_CH10_N01,100,0.937,15,110,88,"[[""ENM001"",""ENM026""],[""ENM027"",""ENM027""]]",REWARD_CH10-N01,False,0
CH10-N02,CH10,NORMAL,2,STAGE_CH10_N02,100,1.267,15,110,88,"[[""ENM003"",""ENM027""],[""ENM005"",""ENM025""]]",REWARD_CH10-N02,False,0
CH10-N03,CH10,NORMAL,3,STAGE_CH10_N03,100,1.432,15,110,88,"[[""ENM005"",""ENM025""],[""ENM025"",""ENM026""]]",REWARD_CH10-N03,False,0
CH10-N04,CH10,NORMAL,4,STAGE_CH10_N04,100,1.169,16,110,88,"[[""ENM007"",""ENM026""],[""ENM003"",""ENM027""],[""ENM007""]]",REWARD_CH10-N04,False,0
CH10-N05,CH10,NORMAL,5,STAGE_CH10_N05,100,1.16,16,110,88,"[[""ENM009"",""ENM027""],[""ENM008"",""ENM025""]]",REWARD_CH10-N05,False,0
CH10-N06,CH10,NORMAL,6,STAGE_CH10_N06,100,1.504,16,110,88,"[[""ENM026"",""ENM025""],[""ENM001"",""ENM026""]]",REWARD_CH10-N06,False,0
CH10-N07,CH10,NORMAL,7,STAGE_CH10_N07,100,1.237,16,110,88,"[[""ENM001"",""ENM026""],[""ENM006"",""ENM027""]]",REWARD_CH10-N07,False,0
CH10-N08,CH10,NORMAL,8,STAGE_CH10_N08,100,1.236,17,110,88,"[[""ENM003"",""ENM027""],[""ENM026"",""ENM025""],[""ENM009""]]",REWARD_CH10-N08,False,0
CH10-N09,CH10,NORMAL,9,STAGE_CH10_N09,100,1.576,17,110,88,"[[""ENM005"",""ENM025""],[""ENM004"",""ENM026""]]",REWARD_CH10-N09,False,0
CH10-N10,CH10,NORMAL,10,STAGE_CH10_N10,100,1.138,17,110,88,"[[""ENM007"",""ENM026""],[""ENM009"",""ENM027""]]",REWARD_CH10-N10,False,0
CH10-N11,CH10,NORMAL,11,STAGE_CH10_N11,100,1.164,17,110,88,"[[""ENM009"",""ENM027""],[""ENM002"",""ENM025""]]",REWARD_CH10-N11,False,0
CH10-N12,CH10,NORMAL,12,STAGE_CH10_N12,100,1.459,18,110,88,"[[""ENM026"",""ENM025""],[""ENM007"",""ENM026""],[""ENM007""]]",REWARD_CH10-N12,False,0
CH10-N13,CH10,NORMAL,13,STAGE_CH10_N13,100,0.947,18,110,88,"[[""ENM001"",""ENM026""],[""ENM027"",""ENM027""]]",REWARD_CH10-N13,False,0
CH10-N14,CH10,NORMAL,14,STAGE_CH10_N14,100,1.266,18,110,88,"[[""ENM003"",""ENM027""],[""ENM005"",""ENM025""]]",REWARD_CH10-N14,False,0
CH10-N15,CH10,NORMAL,15,STAGE_CH10_N15,100,1.665,18,110,88,"[[""ENM005"",""ENM025""],[""ENM025"",""ENM026""]]",REWARD_CH10-N15,False,0
CH10-N16,CH10,NORMAL,16,STAGE_CH10_N16,100,1.171,19,110,88,"[[""ENM007"",""ENM026""],[""ENM003"",""ENM027""],[""ENM009""]]",REWARD_CH10-N16,False,0
CH10-N17,CH10,NORMAL,17,STAGE_CH10_N17,100,1.159,19,110,88,"[[""ENM009"",""ENM027""],[""ENM008"",""ENM025""]]",REWARD_CH10-N17,False,0
CH10-N18,CH10,NORMAL,18,STAGE_CH10_N18,100,1.599,19,110,88,"[[""ENM026"",""ENM025""],[""ENM001"",""ENM026""]]",REWARD_CH10-N18,False,0
CH10-N19,CH10,NORMAL,19,STAGE_CH10_N19,100,1.24,19,110,88,"[[""ENM001"",""ENM026""],[""ENM006"",""ENM027""]]",REWARD_CH10-N19,False,0
CH10-N20,CH10,NORMAL,20,STAGE_CH10_N20,100,0.744,20,110,88,"[[""ENM003"",""ENM027""],[""ENM026"",""ENM025""],[""ENM007""],[""BOSS013""]]",REWARD_CH10-N20,True,0
CH10-H01,CH10,HARD,1,STAGE_CH10_H01,100,0.978,19,110,88,"[[""ENM001"",""ENM027""],[""ENM027"",""ENM027""]]",REWARD_CH10-H01,False,3
CH10-H02,CH10,HARD,2,STAGE_CH10_H02,100,1.504,19,110,88,"[[""ENM003"",""ENM025""],[""ENM005"",""ENM025""]]",REWARD_CH10-H02,False,3
CH10-H03,CH10,HARD,3,STAGE_CH10_H03,100,1.528,19,110,88,"[[""ENM005"",""ENM026""],[""ENM025"",""ENM026""]]",REWARD_CH10-H03,False,3
CH10-H04,CH10,HARD,4,STAGE_CH10_H04,100,1.121,20,110,88,"[[""ENM007"",""ENM027""],[""ENM003"",""ENM027""],[""ENM007""]]",REWARD_CH10-H04,False,3
CH10-H05,CH10,HARD,5,STAGE_CH10_H05,100,1.23,20,110,88,"[[""ENM009"",""ENM025""],[""ENM008"",""ENM025""],[""ENM027""]]",REWARD_CH10-H05,False,3
CH11-N01,CH11,NORMAL,1,STAGE_CH11_N01,100,1.043,15,111,89,"[[""ENM002"",""ENM029""],[""ENM003"",""ENM030""]]",REWARD_CH11-N01,False,0
CH11-N02,CH11,NORMAL,2,STAGE_CH11_N02,100,1.086,15,111,89,"[[""ENM004"",""ENM030""],[""ENM008"",""ENM028""]]",REWARD_CH11-N02,False,0
CH11-N03,CH11,NORMAL,3,STAGE_CH11_N03,100,1.576,15,111,89,"[[""ENM006"",""ENM028""],[""ENM001"",""ENM029""]]",REWARD_CH11-N03,False,0
CH11-N04,CH11,NORMAL,4,STAGE_CH11_N04,100,1.066,16,111,89,"[[""ENM008"",""ENM029""],[""ENM006"",""ENM030""],[""ENM007""]]",REWARD_CH11-N04,False,0
CH11-N05,CH11,NORMAL,5,STAGE_CH11_N05,100,1.047,16,111,89,"[[""ENM025"",""ENM030""],[""ENM026"",""ENM028""]]",REWARD_CH11-N05,False,0
CH11-N06,CH11,NORMAL,6,STAGE_CH11_N06,100,1.08,16,111,89,"[[""ENM027"",""ENM028""],[""ENM004"",""ENM029""]]",REWARD_CH11-N06,False,0
CH11-N07,CH11,NORMAL,7,STAGE_CH11_N07,100,1.035,16,111,89,"[[""ENM002"",""ENM029""],[""ENM009"",""ENM030""]]",REWARD_CH11-N07,False,0
CH11-N08,CH11,NORMAL,8,STAGE_CH11_N08,100,1.103,17,111,89,"[[""ENM004"",""ENM030""],[""ENM002"",""ENM028""],[""ENM009""]]",REWARD_CH11-N08,False,0
CH11-N09,CH11,NORMAL,9,STAGE_CH11_N09,100,1.548,17,111,89,"[[""ENM006"",""ENM028""],[""ENM007"",""ENM029""]]",REWARD_CH11-N09,False,0
CH11-N10,CH11,NORMAL,10,STAGE_CH11_N10,100,0.911,17,111,89,"[[""ENM008"",""ENM029""],[""ENM027"",""ENM030""]]",REWARD_CH11-N10,False,0
CH11-N11,CH11,NORMAL,11,STAGE_CH11_N11,100,1.051,17,111,89,"[[""ENM025"",""ENM030""],[""ENM005"",""ENM028""]]",REWARD_CH11-N11,False,0
CH11-N12,CH11,NORMAL,12,STAGE_CH11_N12,100,1.066,18,111,89,"[[""ENM027"",""ENM028""],[""ENM025"",""ENM029""],[""ENM007""]]",REWARD_CH11-N12,False,0
CH11-N13,CH11,NORMAL,13,STAGE_CH11_N13,100,1.071,18,111,89,"[[""ENM002"",""ENM029""],[""ENM003"",""ENM030""]]",REWARD_CH11-N13,False,0
CH11-N14,CH11,NORMAL,14,STAGE_CH11_N14,100,1.085,18,111,89,"[[""ENM004"",""ENM030""],[""ENM008"",""ENM028""]]",REWARD_CH11-N14,False,0
CH11-N15,CH11,NORMAL,15,STAGE_CH11_N15,100,1.804,18,111,89,"[[""ENM006"",""ENM028""],[""ENM001"",""ENM029""]]",REWARD_CH11-N15,False,0
CH11-N16,CH11,NORMAL,16,STAGE_CH11_N16,100,1.069,19,111,89,"[[""ENM008"",""ENM029""],[""ENM006"",""ENM030""],[""ENM009""]]",REWARD_CH11-N16,False,0
CH11-N17,CH11,NORMAL,17,STAGE_CH11_N17,100,1.065,19,111,89,"[[""ENM025"",""ENM030""],[""ENM026"",""ENM028""]]",REWARD_CH11-N17,False,0
CH11-N18,CH11,NORMAL,18,STAGE_CH11_N18,100,1.079,19,111,89,"[[""ENM027"",""ENM028""],[""ENM004"",""ENM029""]]",REWARD_CH11-N18,False,0
CH11-N19,CH11,NORMAL,19,STAGE_CH11_N19,100,1.04,19,111,89,"[[""ENM002"",""ENM029""],[""ENM009"",""ENM030""]]",REWARD_CH11-N19,False,0
CH11-N20,CH11,NORMAL,20,STAGE_CH11_N20,100,0.71,20,111,89,"[[""ENM004"",""ENM030""],[""ENM002"",""ENM028""],[""ENM007""],[""BOSS014""]]",REWARD_CH11-N20,True,0
CH11-H01,CH11,HARD,1,STAGE_CH11_H01,100,1.014,19,111,89,"[[""ENM002"",""ENM030""],[""ENM003"",""ENM030""]]",REWARD_CH11-H01,False,3
CH11-H02,CH11,HARD,2,STAGE_CH11_H02,100,1.635,19,111,89,"[[""ENM004"",""ENM028""],[""ENM008"",""ENM028""]]",REWARD_CH11-H02,False,3
CH11-H03,CH11,HARD,3,STAGE_CH11_H03,100,1.672,19,111,89,"[[""ENM006"",""ENM029""],[""ENM001"",""ENM029""]]",REWARD_CH11-H03,False,3
CH11-H04,CH11,HARD,4,STAGE_CH11_H04,100,0.984,20,111,89,"[[""ENM008"",""ENM030""],[""ENM006"",""ENM030""],[""ENM007""]]",REWARD_CH11-H04,False,3
CH11-H05,CH11,HARD,5,STAGE_CH11_H05,100,1.096,20,111,89,"[[""ENM025"",""ENM028""],[""ENM026"",""ENM028""],[""ENM030""]]",REWARD_CH11-H05,False,3
CH12-N01,CH12,NORMAL,1,STAGE_CH12_N01,100,1.078,16,112,90,"[[""ENM003"",""ENM029""],[""ENM006"",""ENM030""]]",REWARD_CH12-N01,False,0
CH12-N02,CH12,NORMAL,2,STAGE_CH12_N02,100,1.085,16,112,90,"[[""ENM005"",""ENM030""],[""ENM029"",""ENM028""]]",REWARD_CH12-N02,False,0
CH12-N03,CH12,NORMAL,3,STAGE_CH12_N03,100,1.56,16,112,90,"[[""ENM007"",""ENM028""],[""ENM004"",""ENM029""]]",REWARD_CH12-N03,False,0
CH12-N04,CH12,NORMAL,4,STAGE_CH12_N04,100,1.012,17,112,90,"[[""ENM009"",""ENM029""],[""ENM009"",""ENM030""],[""ENM007""]]",REWARD_CH12-N04,False,0
CH12-N05,CH12,NORMAL,5,STAGE_CH12_N05,100,1.043,17,112,90,"[[""ENM029"",""ENM030""],[""ENM002"",""ENM028""]]",REWARD_CH12-N05,False,0
CH12-N06,CH12,NORMAL,6,STAGE_CH12_N06,100,1.548,17,112,90,"[[""ENM001"",""ENM028""],[""ENM007"",""ENM029""]]",REWARD_CH12-N06,False,0
CH12-N07,CH12,NORMAL,7,STAGE_CH12_N07,100,0.86,17,112,90,"[[""ENM003"",""ENM029""],[""ENM030"",""ENM030""]]",REWARD_CH12-N07,False,0
CH12-N08,CH12,NORMAL,8,STAGE_CH12_N08,100,1.103,18,112,90,"[[""ENM005"",""ENM030""],[""ENM005"",""ENM028""],[""ENM009""]]",REWARD_CH12-N08,False,0
CH12-N09,CH12,NORMAL,9,STAGE_CH12_N09,100,1.497,18,112,90,"[[""ENM007"",""ENM028""],[""ENM028"",""ENM029""]]",REWARD_CH12-N09,False,0
CH12-N10,CH12,NORMAL,10,STAGE_CH12_N10,100,1.052,18,112,90,"[[""ENM009"",""ENM029""],[""ENM003"",""ENM030""]]",REWARD_CH12-N10,False,0
CH12-N11,CH12,NORMAL,11,STAGE_CH12_N11,100,1.031,18,112,90,"[[""ENM029"",""ENM030""],[""ENM008"",""ENM028""]]",REWARD_CH12-N11,False,0
CH12-N12,CH12,NORMAL,12,STAGE_CH12_N12,100,1.7,19,112,90,"[[""ENM001"",""ENM028""],[""ENM001"",""ENM029""],[""ENM007""]]",REWARD_CH12-N12,False,0
CH12-N13,CH12,NORMAL,13,STAGE_CH12_N13,100,1.083,19,112,90,"[[""ENM003"",""ENM029""],[""ENM006"",""ENM030""]]",REWARD_CH12-N13,False,0
CH12-N14,CH12,NORMAL,14,STAGE_CH12_N14,100,1.097,19,112,90,"[[""ENM005"",""ENM030""],[""ENM029"",""ENM028""]]",REWARD_CH12-N14,False,0
CH12-N15,CH12,NORMAL,15,STAGE_CH12_N15,100,1.6,19,112,90,"[[""ENM007"",""ENM028""],[""ENM004"",""ENM029""]]",REWARD_CH12-N15,False,0
CH12-N16,CH12,NORMAL,16,STAGE_CH12_N16,100,1.027,20,112,90,"[[""ENM009"",""ENM029""],[""ENM009"",""ENM030""],[""ENM009""]]",REWARD_CH12-N16,False,0
CH12-N17,CH12,NORMAL,17,STAGE_CH12_N17,100,1.056,20,112,90,"[[""ENM029"",""ENM030""],[""ENM002"",""ENM028""]]",REWARD_CH12-N17,False,0
CH12-N18,CH12,NORMAL,18,STAGE_CH12_N18,100,1.553,20,112,90,"[[""ENM001"",""ENM028""],[""ENM007"",""ENM029""]]",REWARD_CH12-N18,False,0
CH12-N19,CH12,NORMAL,19,STAGE_CH12_N19,100,0.861,20,112,90,"[[""ENM003"",""ENM029""],[""ENM030"",""ENM030""]]",REWARD_CH12-N19,False,0
CH12-N20,CH12,NORMAL,20,STAGE_CH12_N20,100,0.708,21,112,90,"[[""ENM005"",""ENM030""],[""ENM005"",""ENM028""],[""ENM007""],[""BOSS015""]]",REWARD_CH12-N20,True,0
CH12-H01,CH12,HARD,1,STAGE_CH12_H01,100,1.009,20,112,90,"[[""ENM003"",""ENM030""],[""ENM006"",""ENM030""]]",REWARD_CH12-H01,False,3
CH12-H02,CH12,HARD,2,STAGE_CH12_H02,100,1.626,20,112,90,"[[""ENM005"",""ENM028""],[""ENM029"",""ENM028""]]",REWARD_CH12-H02,False,3
CH12-H03,CH12,HARD,3,STAGE_CH12_H03,100,1.621,20,112,90,"[[""ENM007"",""ENM029""],[""ENM004"",""ENM029""]]",REWARD_CH12-H03,False,3
CH12-H04,CH12,HARD,4,STAGE_CH12_H04,100,0.953,21,112,90,"[[""ENM009"",""ENM030""],[""ENM009"",""ENM030""],[""ENM007""]]",REWARD_CH12-H04,False,3
CH12-H05,CH12,HARD,5,STAGE_CH12_H05,100,1.104,21,112,90,"[[""ENM029"",""ENM028""],[""ENM002"",""ENM028""],[""ENM030""]]",REWARD_CH12-H05,False,3
CH13-N01,CH13,NORMAL,1,STAGE_CH13_N01,100,1.045,16,113,91,"[[""ENM004"",""ENM032""],[""ENM009"",""ENM033""]]",REWARD_CH13-N01,False,0
CH13-N02,CH13,NORMAL,2,STAGE_CH13_N02,100,1.13,16,113,91,"[[""ENM006"",""ENM033""],[""ENM002"",""ENM031""]]",REWARD_CH13-N02,False,0
CH13-N03,CH13,NORMAL,3,STAGE_CH13_N03,100,1.391,16,113,91,"[[""ENM008"",""ENM031""],[""ENM007"",""ENM032""]]",REWARD_CH13-N03,False,0
CH13-N04,CH13,NORMAL,4,STAGE_CH13_N04,100,0.831,17,113,91,"[[""ENM028"",""ENM032""],[""ENM030"",""ENM033""],[""ENM007""]]",REWARD_CH13-N04,False,0
CH13-N05,CH13,NORMAL,5,STAGE_CH13_N05,100,0.856,17,113,91,"[[""ENM030"",""ENM033""],[""ENM005"",""ENM031""]]",REWARD_CH13-N05,False,0
CH13-N06,CH13,NORMAL,6,STAGE_CH13_N06,100,1.53,17,113,91,"[[""ENM002"",""ENM031""],[""ENM028"",""ENM032""]]",REWARD_CH13-N06,False,0
CH13-N07,CH13,NORMAL,7,STAGE_CH13_N07,100,1.075,17,113,91,"[[""ENM004"",""ENM032""],[""ENM003"",""ENM033""]]",REWARD_CH13-N07,False,0
CH13-N08,CH13,NORMAL,8,STAGE_CH13_N08,100,1.124,18,113,91,"[[""ENM006"",""ENM033""],[""ENM008"",""ENM031""],[""ENM009""]]",REWARD_CH13-N08,False,0
CH13-N09,CH13,NORMAL,9,STAGE_CH13_N09,100,1.536,18,113,91,"[[""ENM008"",""ENM031""],[""ENM001"",""ENM032""]]",REWARD_CH13-N09,False,0
CH13-N10,CH13,NORMAL,10,STAGE_CH13_N10,100,1.07,18,113,91,"[[""ENM028"",""ENM032""],[""ENM006"",""ENM033""]]",REWARD_CH13-N10,False,0
CH13-N11,CH13,NORMAL,11,STAGE_CH13_N11,100,0.855,18,113,91,"[[""ENM030"",""ENM033""],[""ENM029"",""ENM031""]]",REWARD_CH13-N11,False,0
CH13-N12,CH13,NORMAL,12,STAGE_CH13_N12,100,1.657,19,113,91,"[[""ENM002"",""ENM031""],[""ENM004"",""ENM032""],[""ENM007""]]",REWARD_CH13-N12,False,0
CH13-N13,CH13,NORMAL,13,STAGE_CH13_N13,100,1.055,19,113,91,"[[""ENM004"",""ENM032""],[""ENM009"",""ENM033""]]",REWARD_CH13-N13,False,0
CH13-N14,CH13,NORMAL,14,STAGE_CH13_N14,100,1.139,19,113,91,"[[""ENM006"",""ENM033""],[""ENM002"",""ENM031""]]",REWARD_CH13-N14,False,0
CH13-N15,CH13,NORMAL,15,STAGE_CH13_N15,100,1.411,19,113,91,"[[""ENM008"",""ENM031""],[""ENM007"",""ENM032""]]",REWARD_CH13-N15,False,0
CH13-N16,CH13,NORMAL,16,STAGE_CH13_N16,100,0.834,20,113,91,"[[""ENM028"",""ENM032""],[""ENM030"",""ENM033""],[""ENM009""]]",REWARD_CH13-N16,False,0
CH13-N17,CH13,NORMAL,17,STAGE_CH13_N17,100,0.857,20,113,91,"[[""ENM030"",""ENM033""],[""ENM005"",""ENM031""]]",REWARD_CH13-N17,False,0
CH13-N18,CH13,NORMAL,18,STAGE_CH13_N18,100,1.531,20,113,91,"[[""ENM002"",""ENM031""],[""ENM028"",""ENM032""]]",REWARD_CH13-N18,False,0
CH13-N19,CH13,NORMAL,19,STAGE_CH13_N19,100,1.073,20,113,91,"[[""ENM004"",""ENM032""],[""ENM003"",""ENM033""]]",REWARD_CH13-N19,False,0
CH13-N20,CH13,NORMAL,20,STAGE_CH13_N20,100,0.669,21,113,91,"[[""ENM006"",""ENM033""],[""ENM008"",""ENM031""],[""ENM007""],[""BOSS016""]]",REWARD_CH13-N20,True,0
CH13-H01,CH13,HARD,1,STAGE_CH13_H01,100,1.015,20,113,91,"[[""ENM004"",""ENM033""],[""ENM009"",""ENM033""]]",REWARD_CH13-H01,False,3
CH13-H02,CH13,HARD,2,STAGE_CH13_H02,100,1.7,20,113,91,"[[""ENM006"",""ENM031""],[""ENM002"",""ENM031""]]",REWARD_CH13-H02,False,3
CH13-H03,CH13,HARD,3,STAGE_CH13_H03,100,1.463,20,113,91,"[[""ENM008"",""ENM032""],[""ENM007"",""ENM032""]]",REWARD_CH13-H03,False,3
CH13-H04,CH13,HARD,4,STAGE_CH13_H04,100,0.866,21,113,91,"[[""ENM028"",""ENM033""],[""ENM030"",""ENM033""],[""ENM007""]]",REWARD_CH13-H04,False,3
CH13-H05,CH13,HARD,5,STAGE_CH13_H05,100,0.924,21,113,91,"[[""ENM030"",""ENM031""],[""ENM005"",""ENM031""],[""ENM033""]]",REWARD_CH13-H05,False,3
CH14-N01,CH14,NORMAL,1,STAGE_CH14_N01,100,0.835,17,114,92,"[[""ENM005"",""ENM032""],[""ENM033"",""ENM033""]]",REWARD_CH14-N01,False,0
CH14-N02,CH14,NORMAL,2,STAGE_CH14_N02,100,1.061,17,114,92,"[[""ENM007"",""ENM033""],[""ENM005"",""ENM031""]]",REWARD_CH14-N02,False,0
CH14-N03,CH14,NORMAL,3,STAGE_CH14_N03,100,1.327,17,114,92,"[[""ENM009"",""ENM031""],[""ENM031"",""ENM032""]]",REWARD_CH14-N03,False,0
CH14-N04,CH14,NORMAL,4,STAGE_CH14_N04,100,1.052,18,114,92,"[[""ENM032"",""ENM032""],[""ENM003"",""ENM033""],[""ENM007""]]",REWARD_CH14-N04,False,0
CH14-N05,CH14,NORMAL,5,STAGE_CH14_N05,100,1.127,18,114,92,"[[""ENM001"",""ENM033""],[""ENM008"",""ENM031""]]",REWARD_CH14-N05,False,0
CH14-N06,CH14,NORMAL,6,STAGE_CH14_N06,100,1.698,18,114,92,"[[""ENM003"",""ENM031""],[""ENM001"",""ENM032""]]",REWARD_CH14-N06,False,0
CH14-N07,CH14,NORMAL,7,STAGE_CH14_N07,100,1.081,18,114,92,"[[""ENM005"",""ENM032""],[""ENM006"",""ENM033""]]",REWARD_CH14-N07,False,0
CH14-N08,CH14,NORMAL,8,STAGE_CH14_N08,100,1.058,19,114,92,"[[""ENM007"",""ENM033""],[""ENM032"",""ENM031""],[""ENM009""]]",REWARD_CH14-N08,False,0
CH14-N09,CH14,NORMAL,9,STAGE_CH14_N09,100,1.422,19,114,92,"[[""ENM009"",""ENM031""],[""ENM004"",""ENM032""]]",REWARD_CH14-N09,False,0
CH14-N10,CH14,NORMAL,10,STAGE_CH14_N10,100,1.031,19,114,92,"[[""ENM032"",""ENM032""],[""ENM009"",""ENM033""]]",REWARD_CH14-N10,False,0
CH14-N11,CH14,NORMAL,11,STAGE_CH14_N11,100,1.139,19,114,92,"[[""ENM001"",""ENM033""],[""ENM002"",""ENM031""]]",REWARD_CH14-N11,False,0
CH14-N12,CH14,NORMAL,12,STAGE_CH14_N12,100,1.458,20,114,92,"[[""ENM003"",""ENM031""],[""ENM007"",""ENM032""],[""ENM007""]]",REWARD_CH14-N12,False,0
CH14-N13,CH14,NORMAL,13,STAGE_CH14_N13,100,0.841,20,114,92,"[[""ENM005"",""ENM032""],[""ENM033"",""ENM033""]]",REWARD_CH14-N13,False,0
CH14-N14,CH14,NORMAL,14,STAGE_CH14_N14,100,1.059,20,114,92,"[[""ENM007"",""ENM033""],[""ENM005"",""ENM031""]]",REWARD_CH14-N14,False,0
CH14-N15,CH14,NORMAL,15,STAGE_CH14_N15,100,1.332,20,114,92,"[[""ENM009"",""ENM031""],[""ENM031"",""ENM032""]]",REWARD_CH14-N15,False,0
CH14-N16,CH14,NORMAL,16,STAGE_CH14_N16,100,1.064,21,114,92,"[[""ENM032"",""ENM032""],[""ENM003"",""ENM033""],[""ENM009""]]",REWARD_CH14-N16,False,0
CH14-N17,CH14,NORMAL,17,STAGE_CH14_N17,100,1.128,21,114,92,"[[""ENM001"",""ENM033""],[""ENM008"",""ENM031""]]",REWARD_CH14-N17,False,0
CH14-N18,CH14,NORMAL,18,STAGE_CH14_N18,100,1.711,21,114,92,"[[""ENM003"",""ENM031""],[""ENM001"",""ENM032""]]",REWARD_CH14-N18,False,0
CH14-N19,CH14,NORMAL,19,STAGE_CH14_N19,100,1.088,21,114,92,"[[""ENM005"",""ENM032""],[""ENM006"",""ENM033""]]",REWARD_CH14-N19,False,0
CH14-N20,CH14,NORMAL,20,STAGE_CH14_N20,100,0.63,22,114,92,"[[""ENM007"",""ENM033""],[""ENM032"",""ENM031""],[""ENM007""],[""BOSS017""]]",REWARD_CH14-N20,True,0
CH14-H01,CH14,HARD,1,STAGE_CH14_H01,100,0.876,21,114,92,"[[""ENM005"",""ENM033""],[""ENM033"",""ENM033""]]",REWARD_CH14-H01,False,3
CH14-H02,CH14,HARD,2,STAGE_CH14_H02,100,1.553,21,114,92,"[[""ENM007"",""ENM031""],[""ENM005"",""ENM031""]]",REWARD_CH14-H02,False,3
CH14-H03,CH14,HARD,3,STAGE_CH14_H03,100,1.425,21,114,92,"[[""ENM009"",""ENM032""],[""ENM031"",""ENM032""]]",REWARD_CH14-H03,False,3
CH14-H04,CH14,HARD,4,STAGE_CH14_H04,100,1.024,22,114,92,"[[""ENM032"",""ENM033""],[""ENM003"",""ENM033""],[""ENM007""]]",REWARD_CH14-H04,False,3
CH14-H05,CH14,HARD,5,STAGE_CH14_H05,100,1.146,22,114,92,"[[""ENM001"",""ENM031""],[""ENM008"",""ENM031""],[""ENM033""]]",REWARD_CH14-H05,False,3
CH15-N01,CH15,NORMAL,1,STAGE_CH15_N01,100,1.021,17,115,93,"[[""ENM006"",""ENM035""],[""ENM003"",""ENM036""]]",REWARD_CH15-N01,False,0
CH15-N02,CH15,NORMAL,2,STAGE_CH15_N02,100,1.024,17,115,93,"[[""ENM008"",""ENM036""],[""ENM008"",""ENM034""]]",REWARD_CH15-N02,False,0
CH15-N03,CH15,NORMAL,3,STAGE_CH15_N03,100,1.388,17,115,93,"[[""ENM031"",""ENM034""],[""ENM001"",""ENM035""]]",REWARD_CH15-N03,False,0
CH15-N04,CH15,NORMAL,4,STAGE_CH15_N04,100,0.898,18,115,93,"[[""ENM033"",""ENM035""],[""ENM006"",""ENM036""],[""ENM007""]]",REWARD_CH15-N04,False,0
CH15-N05,CH15,NORMAL,5,STAGE_CH15_N05,100,1.042,18,115,93,"[[""ENM002"",""ENM036""],[""ENM032"",""ENM034""]]",REWARD_CH15-N05,False,0
CH15-N06,CH15,NORMAL,6,STAGE_CH15_N06,100,1.687,18,115,93,"[[""ENM004"",""ENM034""],[""ENM004"",""ENM035""]]",REWARD_CH15-N06,False,0
CH15-N07,CH15,NORMAL,7,STAGE_CH15_N07,100,0.998,18,115,93,"[[""ENM006"",""ENM035""],[""ENM009"",""ENM036""]]",REWARD_CH15-N07,False,0
CH15-N08,CH15,NORMAL,8,STAGE_CH15_N08,100,1.025,19,115,93,"[[""ENM008"",""ENM036""],[""ENM002"",""ENM034""],[""ENM009""]]",REWARD_CH15-N08,False,0
CH15-N09,CH15,NORMAL,9,STAGE_CH15_N09,100,1.3,19,115,93,"[[""ENM031"",""ENM034""],[""ENM007"",""ENM035""]]",REWARD_CH15-N09,False,0
CH15-N10,CH15,NORMAL,10,STAGE_CH15_N10,100,0.814,19,115,93,"[[""ENM033"",""ENM035""],[""ENM033"",""ENM036""]]",REWARD_CH15-N10,False,0
CH15-N11,CH15,NORMAL,11,STAGE_CH15_N11,100,1.049,19,115,93,"[[""ENM002"",""ENM036""],[""ENM005"",""ENM034""]]",REWARD_CH15-N11,False,0
CH15-N12,CH15,NORMAL,12,STAGE_CH15_N12,100,1.42,20,115,93,"[[""ENM004"",""ENM034""],[""ENM031"",""ENM035""],[""ENM007""]]",REWARD_CH15-N12,False,0
CH15-N13,CH15,NORMAL,13,STAGE_CH15_N13,100,1.028,20,115,93,"[[""ENM006"",""ENM035""],[""ENM003"",""ENM036""]]",REWARD_CH15-N13,False,0
CH15-N14,CH15,NORMAL,14,STAGE_CH15_N14,100,1.021,20,115,93,"[[""ENM008"",""ENM036""],[""ENM008"",""ENM034""]]",REWARD_CH15-N14,False,0
CH15-N15,CH15,NORMAL,15,STAGE_CH15_N15,100,1.416,20,115,93,"[[""ENM031"",""ENM034""],[""ENM001"",""ENM035""]]",REWARD_CH15-N15,False,0
CH15-N16,CH15,NORMAL,16,STAGE_CH15_N16,100,0.9,21,115,93,"[[""ENM033"",""ENM035""],[""ENM006"",""ENM036""],[""ENM009""]]",REWARD_CH15-N16,False,0
CH15-N17,CH15,NORMAL,17,STAGE_CH15_N17,100,1.052,21,115,93,"[[""ENM002"",""ENM036""],[""ENM032"",""ENM034""]]",REWARD_CH15-N17,False,0
CH15-N18,CH15,NORMAL,18,STAGE_CH15_N18,100,1.687,21,115,93,"[[""ENM004"",""ENM034""],[""ENM004"",""ENM035""]]",REWARD_CH15-N18,False,0
CH15-N19,CH15,NORMAL,19,STAGE_CH15_N19,100,1.005,21,115,93,"[[""ENM006"",""ENM035""],[""ENM009"",""ENM036""]]",REWARD_CH15-N19,False,0
CH15-N20,CH15,NORMAL,20,STAGE_CH15_N20,100,0.636,22,115,93,"[[""ENM008"",""ENM036""],[""ENM002"",""ENM034""],[""ENM007""],[""BOSS018""]]",REWARD_CH15-N20,True,0
CH15-H01,CH15,HARD,1,STAGE_CH15_H01,100,0.969,21,115,93,"[[""ENM006"",""ENM036""],[""ENM003"",""ENM036""]]",REWARD_CH15-H01,False,3
CH15-H02,CH15,HARD,2,STAGE_CH15_H02,100,1.434,21,115,93,"[[""ENM008"",""ENM034""],[""ENM008"",""ENM034""]]",REWARD_CH15-H02,False,3
CH15-H03,CH15,HARD,3,STAGE_CH15_H03,100,1.45,21,115,93,"[[""ENM031"",""ENM035""],[""ENM001"",""ENM035""]]",REWARD_CH15-H03,False,3
CH15-H04,CH15,HARD,4,STAGE_CH15_H04,100,0.85,22,115,93,"[[""ENM033"",""ENM036""],[""ENM006"",""ENM036""],[""ENM007""]]",REWARD_CH15-H04,False,3
CH15-H05,CH15,HARD,5,STAGE_CH15_H05,100,1.065,22,115,93,"[[""ENM002"",""ENM034""],[""ENM032"",""ENM034""],[""ENM036""]]",REWARD_CH15-H05,False,3
CH16-N01,CH16,NORMAL,1,STAGE_CH16_N01,100,0.99,18,116,94,"[[""ENM007"",""ENM035""],[""ENM006"",""ENM036""]]",REWARD_CH16-N01,False,0
CH16-N02,CH16,NORMAL,2,STAGE_CH16_N02,100,0.976,18,116,94,"[[""ENM009"",""ENM036""],[""ENM035"",""ENM034""]]",REWARD_CH16-N02,False,0
CH16-N03,CH16,NORMAL,3,STAGE_CH16_N03,100,1.322,18,116,94,"[[""ENM035"",""ENM034""],[""ENM004"",""ENM035""]]",REWARD_CH16-N03,False,0
CH16-N04,CH16,NORMAL,4,STAGE_CH16_N04,100,1.005,19,116,94,"[[""ENM001"",""ENM035""],[""ENM009"",""ENM036""],[""ENM007""]]",REWARD_CH16-N04,False,0
CH16-N05,CH16,NORMAL,5,STAGE_CH16_N05,100,1.049,19,116,94,"[[""ENM003"",""ENM036""],[""ENM002"",""ENM034""]]",REWARD_CH16-N05,False,0
CH16-N06,CH16,NORMAL,6,STAGE_CH16_N06,100,1.478,19,116,94,"[[""ENM005"",""ENM034""],[""ENM007"",""ENM035""]]",REWARD_CH16-N06,False,0
CH16-N07,CH16,NORMAL,7,STAGE_CH16_N07,100,0.786,19,116,94,"[[""ENM007"",""ENM035""],[""ENM036"",""ENM036""]]",REWARD_CH16-N07,False,0
CH16-N08,CH16,NORMAL,8,STAGE_CH16_N08,100,0.997,20,116,94,"[[""ENM009"",""ENM036""],[""ENM005"",""ENM034""],[""ENM009""]]",REWARD_CH16-N08,False,0
CH16-N09,CH16,NORMAL,9,STAGE_CH16_N09,100,1.233,20,116,94,"[[""ENM035"",""ENM034""],[""ENM034"",""ENM035""]]",REWARD_CH16-N09,False,0
CH16-N10,CH16,NORMAL,10,STAGE_CH16_N10,100,1.025,20,116,94,"[[""ENM001"",""ENM035""],[""ENM003"",""ENM036""]]",REWARD_CH16-N10,False,0
CH16-N11,CH16,NORMAL,11,STAGE_CH16_N11,100,1.052,20,116,94,"[[""ENM003"",""ENM036""],[""ENM008"",""ENM034""]]",REWARD_CH16-N11,False,0
CH16-N12,CH16,NORMAL,12,STAGE_CH16_N12,100,1.62,21,116,94,"[[""ENM005"",""ENM034""],[""ENM001"",""ENM035""],[""ENM007""]]",REWARD_CH16-N12,False,0
CH16-N13,CH16,NORMAL,13,STAGE_CH16_N13,100,1.005,21,116,94,"[[""ENM007"",""ENM035""],[""ENM006"",""ENM036""]]",REWARD_CH16-N13,False,0
CH16-N14,CH16,NORMAL,14,STAGE_CH16_N14,100,0.99,21,116,94,"[[""ENM009"",""ENM036""],[""ENM035"",""ENM034""]]",REWARD_CH16-N14,False,0
CH16-N15,CH16,NORMAL,15,STAGE_CH16_N15,100,1.338,21,116,94,"[[""ENM035"",""ENM034""],[""ENM004"",""ENM035""]]",REWARD_CH16-N15,False,0
CH16-N16,CH16,NORMAL,16,STAGE_CH16_N16,100,1.0,22,116,94,"[[""ENM001"",""ENM035""],[""ENM009"",""ENM036""],[""ENM009""]]",REWARD_CH16-N16,False,0
CH16-N17,CH16,NORMAL,17,STAGE_CH16_N17,100,1.06,22,116,94,"[[""ENM003"",""ENM036""],[""ENM002"",""ENM034""]]",REWARD_CH16-N17,False,0
CH16-N18,CH16,NORMAL,18,STAGE_CH16_N18,100,1.492,22,116,94,"[[""ENM005"",""ENM034""],[""ENM007"",""ENM035""]]",REWARD_CH16-N18,False,0
CH16-N19,CH16,NORMAL,19,STAGE_CH16_N19,100,0.819,22,116,94,"[[""ENM007"",""ENM035""],[""ENM036"",""ENM036""]]",REWARD_CH16-N19,False,0
CH16-N20,CH16,NORMAL,20,STAGE_CH16_N20,100,0.599,23,116,94,"[[""ENM009"",""ENM036""],[""ENM005"",""ENM034""],[""ENM007""],[""BOSS019""]]",REWARD_CH16-N20,True,0
CH16-H01,CH16,HARD,1,STAGE_CH16_H01,100,0.967,22,116,94,"[[""ENM007"",""ENM036""],[""ENM006"",""ENM036""]]",REWARD_CH16-H01,False,3
CH16-H02,CH16,HARD,2,STAGE_CH16_H02,100,1.319,22,116,94,"[[""ENM009"",""ENM034""],[""ENM035"",""ENM034""]]",REWARD_CH16-H02,False,3
CH16-H03,CH16,HARD,3,STAGE_CH16_H03,100,1.388,22,116,94,"[[""ENM035"",""ENM035""],[""ENM004"",""ENM035""]]",REWARD_CH16-H03,False,3
CH16-H04,CH16,HARD,4,STAGE_CH16_H04,100,0.949,23,116,94,"[[""ENM001"",""ENM036""],[""ENM009"",""ENM036""],[""ENM007""]]",REWARD_CH16-H04,False,3
CH16-H05,CH16,HARD,5,STAGE_CH16_H05,100,1.07,23,116,94,"[[""ENM003"",""ENM034""],[""ENM002"",""ENM034""],[""ENM036""]]",REWARD_CH16-H05,False,3
CH17-N01,CH17,NORMAL,1,STAGE_CH17_N01,100,0.881,18,117,94,"[[""ENM008"",""ENM038""],[""ENM009"",""ENM039""]]",REWARD_CH17-N01,False,0
CH17-N02,CH17,NORMAL,2,STAGE_CH17_N02,100,0.882,18,117,94,"[[""ENM034"",""ENM039""],[""ENM002"",""ENM037""]]",REWARD_CH17-N02,False,0
CH17-N03,CH17,NORMAL,3,STAGE_CH17_N03,100,0.898,18,117,94,"[[""ENM036"",""ENM037""],[""ENM007"",""ENM038""]]",REWARD_CH17-N03,False,0
CH17-N04,CH17,NORMAL,4,STAGE_CH17_N04,100,0.778,19,117,94,"[[""ENM002"",""ENM038""],[""ENM036"",""ENM039""],[""ENM007""]]",REWARD_CH17-N04,False,0
CH17-N05,CH17,NORMAL,5,STAGE_CH17_N05,100,0.939,19,117,94,"[[""ENM004"",""ENM039""],[""ENM005"",""ENM037""]]",REWARD_CH17-N05,False,0
CH17-N06,CH17,NORMAL,6,STAGE_CH17_N06,100,1.4,19,117,94,"[[""ENM006"",""ENM037""],[""ENM034"",""ENM038""]]",REWARD_CH17-N06,False,0
CH17-N07,CH17,NORMAL,7,STAGE_CH17_N07,100,0.919,19,117,94,"[[""ENM008"",""ENM038""],[""ENM003"",""ENM039""]]",REWARD_CH17-N07,False,0
CH17-N08,CH17,NORMAL,8,STAGE_CH17_N08,100,0.883,20,117,94,"[[""ENM034"",""ENM039""],[""ENM008"",""ENM037""],[""ENM009""]]",REWARD_CH17-N08,False,0
CH17-N09,CH17,NORMAL,9,STAGE_CH17_N09,100,0.906,20,117,94,"[[""ENM036"",""ENM037""],[""ENM001"",""ENM038""]]",REWARD_CH17-N09,False,0
CH17-N10,CH17,NORMAL,10,STAGE_CH17_N10,100,0.922,20,117,94,"[[""ENM002"",""ENM038""],[""ENM006"",""ENM039""]]",REWARD_CH17-N10,False,0
CH17-N11,CH17,NORMAL,11,STAGE_CH17_N11,100,0.938,20,117,94,"[[""ENM004"",""ENM039""],[""ENM035"",""ENM037""]]",REWARD_CH17-N11,False,0
CH17-N12,CH17,NORMAL,12,STAGE_CH17_N12,100,1.579,21,117,94,"[[""ENM006"",""ENM037""],[""ENM004"",""ENM038""],[""ENM007""]]",REWARD_CH17-N12,False,0
CH17-N13,CH17,NORMAL,13,STAGE_CH17_N13,100,0.895,21,117,94,"[[""ENM008"",""ENM038""],[""ENM009"",""ENM039""]]",REWARD_CH17-N13,False,0
CH17-N14,CH17,NORMAL,14,STAGE_CH17_N14,100,0.881,21,117,94,"[[""ENM034"",""ENM039""],[""ENM002"",""ENM037""]]",REWARD_CH17-N14,False,0
CH17-N15,CH17,NORMAL,15,STAGE_CH17_N15,100,0.904,21,117,94,"[[""ENM036"",""ENM037""],[""ENM007"",""ENM038""]]",REWARD_CH17-N15,False,0
CH17-N16,CH17,NORMAL,16,STAGE_CH17_N16,100,0.781,22,117,94,"[[""ENM002"",""ENM038""],[""ENM036"",""ENM039""],[""ENM009""]]",REWARD_CH17-N16,False,0
CH17-N17,CH17,NORMAL,17,STAGE_CH17_N17,100,0.95,22,117,94,"[[""ENM004"",""ENM039""],[""ENM005"",""ENM037""]]",REWARD_CH17-N17,False,0
CH17-N18,CH17,NORMAL,18,STAGE_CH17_N18,100,1.415,22,117,94,"[[""ENM006"",""ENM037""],[""ENM034"",""ENM038""]]",REWARD_CH17-N18,False,0
CH17-N19,CH17,NORMAL,19,STAGE_CH17_N19,100,0.921,22,117,94,"[[""ENM008"",""ENM038""],[""ENM003"",""ENM039""]]",REWARD_CH17-N19,False,0
CH17-N20,CH17,NORMAL,20,STAGE_CH17_N20,100,0.577,23,117,94,"[[""ENM034"",""ENM039""],[""ENM008"",""ENM037""],[""ENM007""],[""BOSS020""]]",REWARD_CH17-N20,True,0
CH17-H01,CH17,HARD,1,STAGE_CH17_H01,100,0.852,22,117,94,"[[""ENM008"",""ENM039""],[""ENM009"",""ENM039""]]",REWARD_CH17-H01,False,3
CH17-H02,CH17,HARD,2,STAGE_CH17_H02,100,1.434,22,117,94,"[[""ENM034"",""ENM037""],[""ENM002"",""ENM037""]]",REWARD_CH17-H02,False,3
CH17-H03,CH17,HARD,3,STAGE_CH17_H03,100,0.934,22,117,94,"[[""ENM036"",""ENM038""],[""ENM007"",""ENM038""]]",REWARD_CH17-H03,False,3
CH17-H04,CH17,HARD,4,STAGE_CH17_H04,100,0.788,23,117,94,"[[""ENM002"",""ENM039""],[""ENM036"",""ENM039""],[""ENM007""]]",REWARD_CH17-H04,False,3
CH17-H05,CH17,HARD,5,STAGE_CH17_H05,100,0.963,23,117,94,"[[""ENM004"",""ENM037""],[""ENM005"",""ENM037""],[""ENM039""]]",REWARD_CH17-H05,False,3
CH18-N01,CH18,NORMAL,1,STAGE_CH18_N01,100,0.714,19,118,94,"[[""ENM009"",""ENM038""],[""ENM039"",""ENM039""]]",REWARD_CH18-N01,False,0
CH18-N02,CH18,NORMAL,2,STAGE_CH18_N02,100,0.891,19,118,94,"[[""ENM038"",""ENM039""],[""ENM005"",""ENM037""]]",REWARD_CH18-N02,False,0
CH18-N03,CH18,NORMAL,3,STAGE_CH18_N03,100,1.36,19,118,94,"[[""ENM001"",""ENM037""],[""ENM037"",""ENM038""]]",REWARD_CH18-N03,False,0
CH18-N04,CH18,NORMAL,4,STAGE_CH18_N04,100,0.93,20,118,94,"[[""ENM003"",""ENM038""],[""ENM003"",""ENM039""],[""ENM007""]]",REWARD_CH18-N04,False,0
CH18-N05,CH18,NORMAL,5,STAGE_CH18_N05,100,0.954,20,118,94,"[[""ENM005"",""ENM039""],[""ENM008"",""ENM037""]]",REWARD_CH18-N05,False,0
CH18-N06,CH18,NORMAL,6,STAGE_CH18_N06,100,1.492,20,118,94,"[[""ENM007"",""ENM037""],[""ENM001"",""ENM038""]]",REWARD_CH18-N06,False,0
CH18-N07,CH18,NORMAL,7,STAGE_CH18_N07,100,0.925,20,118,94,"[[""ENM009"",""ENM038""],[""ENM006"",""ENM039""]]",REWARD_CH18-N07,False,0
CH18-N08,CH18,NORMAL,8,STAGE_CH18_N08,100,0.889,21,118,94,"[[""ENM038"",""ENM039""],[""ENM038"",""ENM037""],[""ENM009""]]",REWARD_CH18-N08,False,0
CH18-N09,CH18,NORMAL,9,STAGE_CH18_N09,100,1.609,21,118,94,"[[""ENM001"",""ENM037""],[""ENM004"",""ENM038""]]",REWARD_CH18-N09,False,0
CH18-N10,CH18,NORMAL,10,STAGE_CH18_N10,100,0.912,21,118,94,"[[""ENM003"",""ENM038""],[""ENM009"",""ENM039""]]",REWARD_CH18-N10,False,0
CH18-N11,CH18,NORMAL,11,STAGE_CH18_N11,100,0.95,21,118,94,"[[""ENM005"",""ENM039""],[""ENM002"",""ENM037""]]",REWARD_CH18-N11,False,0
CH18-N12,CH18,NORMAL,12,STAGE_CH18_N12,100,1.359,22,118,94,"[[""ENM007"",""ENM037""],[""ENM007"",""ENM038""],[""ENM007""]]",REWARD_CH18-N12,False,0
CH18-N13,CH18,NORMAL,13,STAGE_CH18_N13,100,0.716,22,118,94,"[[""ENM009"",""ENM038""],[""ENM039"",""ENM039""]]",REWARD_CH18-N13,False,0
CH18-N14,CH18,NORMAL,14,STAGE_CH18_N14,100,0.913,22,118,94,"[[""ENM038"",""ENM039""],[""ENM005"",""ENM037""]]",REWARD_CH18-N14,False,0
CH18-N15,CH18,NORMAL,15,STAGE_CH18_N15,100,1.371,22,118,94,"[[""ENM001"",""ENM037""],[""ENM037"",""ENM038""]]",REWARD_CH18-N15,False,0
CH18-N16,CH18,NORMAL,16,STAGE_CH18_N16,100,0.936,23,118,94,"[[""ENM003"",""ENM038""],[""ENM003"",""ENM039""],[""ENM009""]]",REWARD_CH18-N16,False,0
CH18-N17,CH18,NORMAL,17,STAGE_CH18_N17,100,0.96,23,118,94,"[[""ENM005"",""ENM039""],[""ENM008"",""ENM037""]]",REWARD_CH18-N17,False,0
CH18-N18,CH18,NORMAL,18,STAGE_CH18_N18,100,1.512,23,118,94,"[[""ENM007"",""ENM037""],[""ENM001"",""ENM038""]]",REWARD_CH18-N18,False,0
CH18-N19,CH18,NORMAL,19,STAGE_CH18_N19,100,0.937,23,118,94,"[[""ENM009"",""ENM038""],[""ENM006"",""ENM039""]]",REWARD_CH18-N19,False,0
CH18-N20,CH18,NORMAL,20,STAGE_CH18_N20,100,0.577,24,118,94,"[[""ENM038"",""ENM039""],[""ENM038"",""ENM037""],[""ENM007""],[""BOSS021""]]",REWARD_CH18-N20,True,0
CH18-H01,CH18,HARD,1,STAGE_CH18_H01,100,0.753,23,118,94,"[[""ENM009"",""ENM039""],[""ENM039"",""ENM039""]]",REWARD_CH18-H01,False,3
CH18-H02,CH18,HARD,2,STAGE_CH18_H02,100,1.398,23,118,94,"[[""ENM038"",""ENM037""],[""ENM005"",""ENM037""]]",REWARD_CH18-H02,False,3
CH18-H03,CH18,HARD,3,STAGE_CH18_H03,100,1.411,23,118,94,"[[""ENM001"",""ENM038""],[""ENM037"",""ENM038""]]",REWARD_CH18-H03,False,3
CH18-H04,CH18,HARD,4,STAGE_CH18_H04,100,0.896,24,118,94,"[[""ENM003"",""ENM039""],[""ENM003"",""ENM039""],[""ENM007""]]",REWARD_CH18-H04,False,3
CH18-H05,CH18,HARD,5,STAGE_CH18_H05,100,0.953,24,118,94,"[[""ENM005"",""ENM037""],[""ENM008"",""ENM037""],[""ENM039""]]",REWARD_CH18-H05,False,3
CH19-N01,CH19,NORMAL,1,STAGE_CH19_N01,100,0.925,19,119,94,"[[""ENM037"",""ENM041""],[""ENM003"",""ENM042""]]",REWARD_CH19-N01,False,0
CH19-N02,CH19,NORMAL,2,STAGE_CH19_N02,100,0.708,19,119,94,"[[""ENM039"",""ENM042""],[""ENM008"",""ENM040""]]",REWARD_CH19-N02,False,0
CH19-N03,CH19,NORMAL,3,STAGE_CH19_N03,100,1.508,19,119,94,"[[""ENM002"",""ENM040""],[""ENM001"",""ENM041""]]",REWARD_CH19-N03,False,0
CH19-N04,CH19,NORMAL,4,STAGE_CH19_N04,100,0.95,20,119,94,"[[""ENM004"",""ENM041""],[""ENM006"",""ENM042""],[""ENM007""]]",REWARD_CH19-N04,False,0
CH19-N05,CH19,NORMAL,5,STAGE_CH19_N05,100,0.998,20,119,94,"[[""ENM006"",""ENM042""],[""ENM038"",""ENM040""]]",REWARD_CH19-N05,False,0
CH19-N06,CH19,NORMAL,6,STAGE_CH19_N06,100,1.438,20,119,94,"[[""ENM008"",""ENM040""],[""ENM004"",""ENM041""]]",REWARD_CH19-N06,False,0
CH19-N07,CH19,NORMAL,7,STAGE_CH19_N07,100,0.936,20,119,94,"[[""ENM037"",""ENM041""],[""ENM009"",""ENM042""]]",REWARD_CH19-N07,False,0
CH19-N08,CH19,NORMAL,8,STAGE_CH19_N08,100,0.722,21,119,94,"[[""ENM039"",""ENM042""],[""ENM002"",""ENM040""],[""ENM009""]]",REWARD_CH19-N08,False,0
CH19-N09,CH19,NORMAL,9,STAGE_CH19_N09,100,1.428,21,119,94,"[[""ENM002"",""ENM040""],[""ENM007"",""ENM041""]]",REWARD_CH19-N09,False,0
CH19-N10,CH19,NORMAL,10,STAGE_CH19_N10,100,0.728,21,119,94,"[[""ENM004"",""ENM041""],[""ENM039"",""ENM042""]]",REWARD_CH19-N10,False,0
CH19-N11,CH19,NORMAL,11,STAGE_CH19_N11,100,0.999,21,119,94,"[[""ENM006"",""ENM042""],[""ENM005"",""ENM040""]]",REWARD_CH19-N11,False,0
CH19-N12,CH19,NORMAL,12,STAGE_CH19_N12,100,1.275,22,119,94,"[[""ENM008"",""ENM040""],[""ENM037"",""ENM041""],[""ENM007""]]",REWARD_CH19-N12,False,0
CH19-N13,CH19,NORMAL,13,STAGE_CH19_N13,100,0.952,22,119,94,"[[""ENM037"",""ENM041""],[""ENM003"",""ENM042""]]",REWARD_CH19-N13,False,0
CH19-N14,CH19,NORMAL,14,STAGE_CH19_N14,100,0.74,22,119,94,"[[""ENM039"",""ENM042""],[""ENM008"",""ENM040""]]",REWARD_CH19-N14,False,0
CH19-N15,CH19,NORMAL,15,STAGE_CH19_N15,100,1.549,22,119,94,"[[""ENM002"",""ENM040""],[""ENM001"",""ENM041""]]",REWARD_CH19-N15,False,0
CH19-N16,CH19,NORMAL,16,STAGE_CH19_N16,100,0.967,23,119,94,"[[""ENM004"",""ENM041""],[""ENM006"",""ENM042""],[""ENM009""]]",REWARD_CH19-N16,False,0
CH19-N17,CH19,NORMAL,17,STAGE_CH19_N17,100,0.999,23,119,94,"[[""ENM006"",""ENM042""],[""ENM038"",""ENM040""]]",REWARD_CH19-N17,False,0
CH19-N18,CH19,NORMAL,18,STAGE_CH19_N18,100,1.463,23,119,94,"[[""ENM008"",""ENM040""],[""ENM004"",""ENM041""]]",REWARD_CH19-N18,False,0
CH19-N19,CH19,NORMAL,19,STAGE_CH19_N19,100,0.951,23,119,94,"[[""ENM037"",""ENM041""],[""ENM009"",""ENM042""]]",REWARD_CH19-N19,False,0
CH19-N20,CH19,NORMAL,20,STAGE_CH19_N20,100,0.545,24,119,94,"[[""ENM039"",""ENM042""],[""ENM002"",""ENM040""],[""ENM007""],[""BOSS022""]]",REWARD_CH19-N20,True,0
CH19-H01,CH19,HARD,1,STAGE_CH19_H01,100,0.89,23,119,94,"[[""ENM037"",""ENM042""],[""ENM003"",""ENM042""]]",REWARD_CH19-H01,False,3
CH19-H02,CH19,HARD,2,STAGE_CH19_H02,100,0.828,23,119,94,"[[""ENM039"",""ENM040""],[""ENM008"",""ENM040""]]",REWARD_CH19-H02,False,3
CH19-H03,CH19,HARD,3,STAGE_CH19_H03,100,1.666,23,119,94,"[[""ENM002"",""ENM041""],[""ENM001"",""ENM041""]]",REWARD_CH19-H03,False,3
CH19-H04,CH19,HARD,4,STAGE_CH19_H04,100,0.899,24,119,94,"[[""ENM004"",""ENM042""],[""ENM006"",""ENM042""],[""ENM007""]]",REWARD_CH19-H04,False,3
CH19-H05,CH19,HARD,5,STAGE_CH19_H05,100,1.003,24,119,94,"[[""ENM006"",""ENM040""],[""ENM038"",""ENM040""],[""ENM042""]]",REWARD_CH19-H05,False,3
CH20-N01,CH20,NORMAL,1,STAGE_CH20_N01,100,0.928,20,120,94,"[[""ENM041"",""ENM041""],[""ENM006"",""ENM042""]]",REWARD_CH20-N01,False,0
CH20-N02,CH20,NORMAL,2,STAGE_CH20_N02,100,0.983,20,120,94,"[[""ENM001"",""ENM042""],[""ENM041"",""ENM040""]]",REWARD_CH20-N02,False,0
CH20-N03,CH20,NORMAL,3,STAGE_CH20_N03,100,1.463,20,120,94,"[[""ENM003"",""ENM040""],[""ENM004"",""ENM041""]]",REWARD_CH20-N03,False,0
CH20-N04,CH20,NORMAL,4,STAGE_CH20_N04,100,0.944,21,120,94,"[[""ENM005"",""ENM041""],[""ENM009"",""ENM042""],[""ENM007""]]",REWARD_CH20-N04,False,0
CH20-N05,CH20,NORMAL,5,STAGE_CH20_N05,100,0.975,21,120,94,"[[""ENM007"",""ENM042""],[""ENM002"",""ENM040""]]",REWARD_CH20-N05,False,0
CH20-N06,CH20,NORMAL,6,STAGE_CH20_N06,100,1.275,21,120,94,"[[""ENM009"",""ENM040""],[""ENM007"",""ENM041""]]",REWARD_CH20-N06,False,0
CH20-N07,CH20,NORMAL,7,STAGE_CH20_N07,100,0.74,21,120,94,"[[""ENM041"",""ENM041""],[""ENM042"",""ENM042""]]",REWARD_CH20-N07,False,0
CH20-N08,CH20,NORMAL,8,STAGE_CH20_N08,100,0.991,22,120,94,"[[""ENM001"",""ENM042""],[""ENM005"",""ENM040""],[""ENM009""]]",REWARD_CH20-N08,False,0
CH20-N09,CH20,NORMAL,9,STAGE_CH20_N09,100,1.254,22,120,94,"[[""ENM003"",""ENM040""],[""ENM040"",""ENM041""]]",REWARD_CH20-N09,False,0
CH20-N10,CH20,NORMAL,10,STAGE_CH20_N10,100,0.967,22,120,94,"[[""ENM005"",""ENM041""],[""ENM003"",""ENM042""]]",REWARD_CH20-N10,False,0
CH20-N11,CH20,NORMAL,11,STAGE_CH20_N11,100,0.936,22,120,94,"[[""ENM007"",""ENM042""],[""ENM008"",""ENM040""]]",REWARD_CH20-N11,False,0
CH20-N12,CH20,NORMAL,12,STAGE_CH20_N12,100,1.327,23,120,94,"[[""ENM009"",""ENM040""],[""ENM001"",""ENM041""],[""ENM007""]]",REWARD_CH20-N12,False,0
CH20-N13,CH20,NORMAL,13,STAGE_CH20_N13,100,0.958,23,120,94,"[[""ENM041"",""ENM041""],[""ENM006"",""ENM042""]]",REWARD_CH20-N13,False,0
CH20-N14,CH20,NORMAL,14,STAGE_CH20_N14,100,0.998,23,120,94,"[[""ENM001"",""ENM042""],[""ENM041"",""ENM040""]]",REWARD_CH20-N14,False,0
CH20-N15,CH20,NORMAL,15,STAGE_CH20_N15,100,1.521,23,120,94,"[[""ENM003"",""ENM040""],[""ENM004"",""ENM041""]]",REWARD_CH20-N15,False,0
CH20-N16,CH20,NORMAL,16,STAGE_CH20_N16,100,0.941,24,120,94,"[[""ENM005"",""ENM041""],[""ENM009"",""ENM042""],[""ENM009""]]",REWARD_CH20-N16,False,0
CH20-N17,CH20,NORMAL,17,STAGE_CH20_N17,100,0.98,24,120,94,"[[""ENM007"",""ENM042""],[""ENM002"",""ENM040""]]",REWARD_CH20-N17,False,0
CH20-N18,CH20,NORMAL,18,STAGE_CH20_N18,100,1.28,24,120,94,"[[""ENM009"",""ENM040""],[""ENM007"",""ENM041""]]",REWARD_CH20-N18,False,0
CH20-N19,CH20,NORMAL,19,STAGE_CH20_N19,100,0.748,24,120,94,"[[""ENM041"",""ENM041""],[""ENM042"",""ENM042""]]",REWARD_CH20-N19,False,0
CH20-N20,CH20,NORMAL,20,STAGE_CH20_N20,100,0.534,24,120,94,"[[""ENM001"",""ENM042""],[""ENM005"",""ENM040""],[""ENM007""],[""BOSS023""]]",REWARD_CH20-N20,True,0
CH20-H01,CH20,HARD,1,STAGE_CH20_H01,100,0.899,24,120,94,"[[""ENM041"",""ENM042""],[""ENM006"",""ENM042""]]",REWARD_CH20-H01,False,3
CH20-H02,CH20,HARD,2,STAGE_CH20_H02,100,1.296,24,120,94,"[[""ENM001"",""ENM040""],[""ENM041"",""ENM040""]]",REWARD_CH20-H02,False,3
CH20-H03,CH20,HARD,3,STAGE_CH20_H03,100,1.627,24,120,94,"[[""ENM003"",""ENM041""],[""ENM004"",""ENM041""]]",REWARD_CH20-H03,False,3
CH20-H04,CH20,HARD,4,STAGE_CH20_H04,100,0.892,24,120,94,"[[""ENM005"",""ENM042""],[""ENM009"",""ENM042""],[""ENM007""]]",REWARD_CH20-H04,False,3
CH20-H05,CH20,HARD,5,STAGE_CH20_H05,100,0.987,24,120,94,"[[""ENM007"",""ENM040""],[""ENM002"",""ENM040""],[""ENM042""]]",REWARD_CH20-H05,False,3
